-- Generated by test-data/data/generate.py — do not edit by hand.
-- Run `python3 generate.py` from this directory to regenerate.
-- Counts: persons=100 students=60 teachers=25 staff=15 courses=8 enrollments=140 grades=408 attendance=1400

INSERT INTO persons (id, type, first_name, last_name, email, phone, birth_date, address, city, postal_code, active, created_at, updated_at) VALUES
  (1, 'student', 'Valeria', 'Anderson', 'valeria.anderson1@students.school.edu', '+54 11 4859-5506', '2006-02-21', 'Av. de Mayo 3757', 'Rosario', 'C1754ABC', TRUE, '2022-07-06 09:00:00', '2024-08-04 09:00:00'),
  (2, 'student', 'Allison', 'Lopez', 'allison.lopez2@students.school.edu', '+54 11 4532-1520', '2009-04-24', 'Av. Corrientes 1635', 'Mendoza', 'C1238ABC', TRUE, '2024-07-06 09:00:00', '2024-08-15 09:00:00'),
  (3, 'student', 'Lucia', 'Cooper', 'lucia.cooper3@students.school.edu', '+54 11 4325-8359', '2008-05-09', 'Av. Belgrano 4657', 'Buenos Aires', 'C1777ABC', TRUE, '2022-08-19 09:00:00', '2024-08-19 09:00:00'),
  (4, 'student', 'Aiden', 'Scott', 'aiden.scott4@students.school.edu', '+54 11 4320-6514', '2006-11-15', 'Av. Cabildo 1619', 'Tucuman', 'C1099ABC', TRUE, '2023-08-16 09:00:00', '2024-08-13 09:00:00'),
  (5, 'student', 'Liam', 'Garcia', 'liam.garcia5@students.school.edu', '+54 11 4570-9785', '2010-02-03', 'Av. Cabildo 6301', 'Cordoba', 'C1565ABC', TRUE, '2022-10-29 09:00:00', '2024-08-13 09:00:00'),
  (6, 'student', 'Harper', 'Kelly', 'harper.kelly6@students.school.edu', '+54 11 4821-2139', '2007-01-29', 'Av. Corrientes 3833', 'La Plata', 'C1081ABC', TRUE, '2024-04-21 09:00:00', '2024-08-20 09:00:00'),
  (7, 'student', 'Emma', 'Collins', 'emma.collins7@students.school.edu', '+54 11 4954-6977', '2009-07-25', 'Av. Santa Fe 6165', 'Mar del Plata', 'C1214ABC', TRUE, '2022-08-15 09:00:00', '2024-08-03 09:00:00'),
  (8, 'student', 'Sadie', 'Chavez', 'sadie.chavez8@students.school.edu', '+54 11 4723-3803', '2006-05-27', 'Calle Lavalle 4110', 'Rosario', 'C1473ABC', TRUE, '2022-10-17 09:00:00', '2024-08-10 09:00:00'),
  (9, 'student', 'Alice', 'Lewis', 'alice.lewis9@students.school.edu', '+54 11 4432-1916', '2009-11-03', 'Av. de Mayo 625', 'Mar del Plata', 'C1410ABC', TRUE, '2023-12-30 09:00:00', '2024-08-03 09:00:00'),
  (10, 'student', 'Madelyn', 'Green', 'madelyn.green10@students.school.edu', '+54 11 4771-9179', '2007-03-12', 'Av. 9 de Julio 7617', 'Rosario', 'C1271ABC', TRUE, '2022-07-02 09:00:00', '2024-08-15 09:00:00'),
  (11, 'student', 'Ariana', 'King', 'ariana.king11@students.school.edu', '+54 11 4698-8019', '2010-03-10', 'Av. Belgrano 6643', 'Mar del Plata', 'C1224ABC', TRUE, '2024-03-14 09:00:00', '2024-08-16 09:00:00'),
  (12, 'student', 'Lucy', 'Lopez', 'lucy.lopez12@students.school.edu', '+54 11 4148-2796', '2010-03-28', 'Av. Santa Fe 2721', 'Tucuman', 'C1610ABC', TRUE, '2023-07-09 09:00:00', '2024-08-13 09:00:00'),
  (13, 'student', 'Stella', 'Ortiz', 'stella.ortiz13@students.school.edu', '+54 11 4666-1188', '2007-05-30', 'Av. Cabildo 8897', 'La Plata', 'C1787ABC', TRUE, '2024-04-10 09:00:00', '2024-08-23 09:00:00'),
  (14, 'student', 'Layla', 'Lee', 'layla.lee14@students.school.edu', '+54 11 4103-5315', '2008-07-18', 'Calle Lavalle 3027', 'Santa Fe', 'C1934ABC', TRUE, '2022-11-01 09:00:00', '2024-08-23 09:00:00'),
  (15, 'student', 'Valeria', 'Cook', 'valeria.cook15@students.school.edu', '+54 11 4303-3504', '2009-06-01', 'Calle Florida 2746', 'Santa Fe', 'C1976ABC', TRUE, '2023-02-06 09:00:00', '2024-08-03 09:00:00'),
  (16, 'student', 'Ada', 'Kim', 'ada.kim16@students.school.edu', '+54 11 4600-1319', '2007-10-26', 'Av. Cabildo 6047', 'La Plata', 'C1245ABC', TRUE, '2022-12-31 09:00:00', '2024-08-02 09:00:00'),
  (17, 'student', 'Niklaus', 'Hernandez', 'niklaus.hernandez17@students.school.edu', '+54 11 4597-2133', '2010-02-07', 'Calle Lavalle 2160', 'Rosario', 'C1675ABC', TRUE, '2023-01-18 09:00:00', '2024-08-27 09:00:00'),
  (18, 'student', 'Liam', 'Ortiz', 'liam.ortiz18@students.school.edu', '+54 11 4721-7932', '2010-11-22', 'Av. de Mayo 8935', 'Mendoza', 'C1730ABC', TRUE, '2022-09-15 09:00:00', '2024-08-12 09:00:00'),
  (19, 'student', 'Evelyn', 'Cruz', 'evelyn.cruz19@students.school.edu', '+54 11 4562-2982', '2008-11-25', 'Av. de Mayo 3781', 'Cordoba', 'C1346ABC', FALSE, '2023-01-13 09:00:00', '2024-08-25 09:00:00'),
  (20, 'student', 'Eva', 'Lewis', 'eva.lewis20@students.school.edu', '+54 11 4172-1964', '2006-01-15', 'Av. de Mayo 1204', 'Buenos Aires', 'C1880ABC', TRUE, '2023-02-23 09:00:00', '2024-08-25 09:00:00'),
  (21, 'student', 'Emma', 'Morales', 'emma.morales21@students.school.edu', '+54 11 4652-3167', '2007-03-15', 'Av. Belgrano 9540', 'Salta', 'C1248ABC', TRUE, '2023-06-13 09:00:00', '2024-08-26 09:00:00'),
  (22, 'student', 'Ken', 'Gonzalez', 'ken.gonzalez22@students.school.edu', '+54 11 4541-6804', '2009-09-11', 'Av. 9 de Julio 6835', 'Salta', 'C1884ABC', TRUE, '2022-09-13 09:00:00', '2024-08-12 09:00:00'),
  (23, 'student', 'Isla', 'Gonzalez', 'isla.gonzalez23@students.school.edu', '+54 11 4512-6559', '2006-05-05', 'Av. Cabildo 4173', 'Mendoza', 'C1194ABC', TRUE, '2024-03-12 09:00:00', '2024-08-19 09:00:00'),
  (24, 'student', 'Sofia', 'Scott', 'sofia.scott24@students.school.edu', '+54 11 4355-2235', '2008-08-05', 'Av. Las Heras 9116', 'Cordoba', 'C1051ABC', TRUE, '2023-01-27 09:00:00', '2024-08-06 09:00:00'),
  (25, 'student', 'Alan', 'Lopez', 'alan.lopez25@students.school.edu', '+54 11 4969-4872', '2010-03-24', 'Av. Santa Fe 6758', 'Salta', 'C1492ABC', TRUE, '2023-06-19 09:00:00', '2024-08-04 09:00:00'),
  (26, 'student', 'Margaret', 'Perez', 'margaret.perez26@students.school.edu', '+54 11 4102-7396', '2008-02-16', 'Av. Rivadavia 7554', 'La Plata', 'C1433ABC', TRUE, '2022-07-16 09:00:00', '2024-08-07 09:00:00'),
  (27, 'student', 'Alice', 'Morales', 'alice.morales27@students.school.edu', '+54 11 4294-5861', '2006-11-14', 'Av. de Mayo 1058', 'Bahia Blanca', 'C1753ABC', TRUE, '2022-06-29 09:00:00', '2024-08-22 09:00:00'),
  (28, 'student', 'Margaret', 'Miller', 'margaret.miller28@students.school.edu', '+54 11 4588-9238', '2009-04-11', 'Calle Lavalle 2679', 'Buenos Aires', 'C1983ABC', TRUE, '2024-01-25 09:00:00', '2024-08-30 09:00:00'),
  (29, 'student', 'Serenity', 'Rodriguez', 'serenity.rodriguez29@students.school.edu', '+54 11 4982-4853', '2009-10-14', 'Av. 9 de Julio 2064', 'Bahia Blanca', 'C1252ABC', TRUE, '2024-06-23 09:00:00', '2024-08-13 09:00:00'),
  (30, 'student', 'Niklaus', 'Turner', 'niklaus.turner30@students.school.edu', '+54 11 4697-9565', '2009-09-08', 'Calle Florida 4372', 'Mendoza', 'C1685ABC', TRUE, '2023-12-02 09:00:00', '2024-08-24 09:00:00'),
  (31, 'student', 'Mila', 'Taylor', 'mila.taylor31@students.school.edu', '+54 11 4760-5915', '2009-10-07', 'Av. Las Heras 5280', 'Cordoba', 'C1009ABC', TRUE, '2023-01-04 09:00:00', '2024-08-29 09:00:00'),
  (32, 'student', 'Barbara', 'Morgan', 'barbara.morgan32@students.school.edu', '+54 11 4618-5345', '2007-03-13', 'Av. Santa Fe 5818', 'Cordoba', 'C1900ABC', TRUE, '2023-10-16 09:00:00', '2024-08-27 09:00:00'),
  (33, 'student', 'Zoe', 'Cooper', 'zoe.cooper33@students.school.edu', '+54 11 4409-9666', '2009-12-11', 'Av. Corrientes 9186', 'La Plata', 'C1954ABC', TRUE, '2024-03-18 09:00:00', '2024-08-24 09:00:00'),
  (34, 'student', 'James', 'Wilson', 'james.wilson34@students.school.edu', '+54 11 4666-3546', '2010-03-01', 'Av. Rivadavia 4716', 'Bahia Blanca', 'C1215ABC', TRUE, '2024-01-07 09:00:00', '2024-08-11 09:00:00'),
  (35, 'student', 'Valeria', 'King', 'valeria.king35@students.school.edu', '+54 11 4600-5114', '2008-11-01', 'Av. Corrientes 1612', 'Tucuman', 'C1849ABC', TRUE, '2024-07-30 09:00:00', '2024-08-22 09:00:00'),
  (36, 'student', 'Daniela', 'Taylor', 'daniela.taylor36@students.school.edu', '+54 11 4368-3647', '2009-07-28', 'Av. Las Heras 9138', 'Tucuman', 'C1574ABC', FALSE, '2024-05-17 09:00:00', '2024-08-02 09:00:00'),
  (37, 'student', 'Piper', 'Martin', 'piper.martin37@students.school.edu', '+54 11 4136-7049', '2009-01-22', 'Av. Belgrano 9152', 'Rosario', 'C1440ABC', TRUE, '2023-09-22 09:00:00', '2024-08-21 09:00:00'),
  (38, 'student', 'Edsger', 'Rivera', 'edsger.rivera38@students.school.edu', '+54 11 4798-5088', '2007-03-07', 'Av. Cabildo 5894', 'Santa Fe', 'C1905ABC', TRUE, '2022-11-06 09:00:00', '2024-08-09 09:00:00'),
  (39, 'student', 'Yukihiro', 'Walker', 'yukihiro.walker39@students.school.edu', '+54 11 4266-3900', '2010-11-06', 'Av. 9 de Julio 506', 'Rosario', 'C1754ABC', TRUE, '2023-06-08 09:00:00', '2024-08-07 09:00:00'),
  (40, 'student', 'Nevaeh', 'Young', 'nevaeh.young40@students.school.edu', '+54 11 4263-2771', '2007-07-01', 'Av. 9 de Julio 734', 'Salta', 'C1227ABC', TRUE, '2023-04-19 09:00:00', '2024-08-21 09:00:00'),
  (41, 'student', 'Ethan', 'Robinson', 'ethan.robinson41@students.school.edu', '+54 11 4124-4164', '2007-04-02', 'Av. 9 de Julio 5478', 'La Plata', 'C1885ABC', TRUE, '2023-10-22 09:00:00', '2024-08-21 09:00:00'),
  (42, 'student', 'Isla', 'Rogers', 'isla.rogers42@students.school.edu', '+54 11 4795-9785', '2008-03-29', 'Calle Florida 552', 'Cordoba', 'C1898ABC', TRUE, '2024-02-02 09:00:00', '2024-08-14 09:00:00'),
  (43, 'student', 'Liam', 'Jones', 'liam.jones43@students.school.edu', '+54 11 4710-8119', '2006-08-11', 'Calle Florida 5239', 'Tucuman', 'C1620ABC', TRUE, '2024-04-06 09:00:00', '2024-08-20 09:00:00'),
  (44, 'student', 'Cora', 'Harris', 'cora.harris44@students.school.edu', '+54 11 4145-8144', '2007-06-06', 'Av. Corrientes 8618', 'Santa Fe', 'C1703ABC', TRUE, '2022-07-05 09:00:00', '2024-08-09 09:00:00'),
  (45, 'student', 'Nevaeh', 'Sanchez', 'nevaeh.sanchez45@students.school.edu', '+54 11 4541-2146', '2008-01-16', 'Calle Florida 5243', 'Cordoba', 'C1737ABC', TRUE, '2023-03-02 09:00:00', '2024-08-23 09:00:00'),
  (46, 'student', 'Nevaeh', 'Evans', 'nevaeh.evans46@students.school.edu', '+54 11 4512-5844', '2007-10-31', 'Calle Lavalle 2185', 'Mendoza', 'C1430ABC', TRUE, '2023-07-11 09:00:00', '2024-08-11 09:00:00'),
  (47, 'student', 'Delilah', 'Thompson', 'delilah.thompson47@students.school.edu', '+54 11 4682-5930', '2009-06-14', 'Av. 9 de Julio 9077', 'Buenos Aires', 'C1311ABC', TRUE, '2023-05-20 09:00:00', '2024-08-07 09:00:00'),
  (48, 'student', 'Ruby', 'Cox', 'ruby.cox48@students.school.edu', '+54 11 4429-8618', '2009-09-02', 'Av. Las Heras 7344', 'Mendoza', 'C1523ABC', TRUE, '2022-07-11 09:00:00', '2024-08-27 09:00:00'),
  (49, 'student', 'Quinn', 'Hernandez', 'quinn.hernandez49@students.school.edu', '+54 11 4627-6491', '2007-08-05', 'Av. Cabildo 3948', 'La Plata', 'C1230ABC', TRUE, '2024-03-05 09:00:00', '2024-09-01 09:00:00'),
  (50, 'student', 'Edsger', 'Young', 'edsger.young50@students.school.edu', '+54 11 4725-2193', '2008-08-31', 'Av. Las Heras 6890', 'Bahia Blanca', 'C1199ABC', TRUE, '2023-07-06 09:00:00', '2024-08-17 09:00:00'),
  (51, 'student', 'Eleanor', 'Young', 'eleanor.young51@students.school.edu', '+54 11 4771-1090', '2006-10-30', 'Av. Cabildo 7065', 'Mendoza', 'C1180ABC', TRUE, '2022-08-21 09:00:00', '2024-08-16 09:00:00'),
  (52, 'student', 'Stella', 'Miller', 'stella.miller52@students.school.edu', '+54 11 4355-2988', '2009-02-15', 'Av. Las Heras 2284', 'Salta', 'C1683ABC', TRUE, '2023-01-08 09:00:00', '2024-08-13 09:00:00'),
  (53, 'student', 'Mason', 'Cruz', 'mason.cruz53@students.school.edu', '+54 11 4934-9270', '2009-06-08', 'Av. 9 de Julio 9076', 'Salta', 'C1918ABC', TRUE, '2023-04-04 09:00:00', '2024-08-18 09:00:00'),
  (54, 'student', 'Liam', 'Young', 'liam.young54@students.school.edu', '+54 11 4752-5543', '2010-09-17', 'Calle Lavalle 8039', 'Mendoza', 'C1281ABC', TRUE, '2022-08-03 09:00:00', '2024-08-23 09:00:00'),
  (55, 'student', 'Renata', 'Wright', 'renata.wright55@students.school.edu', '+54 11 4427-9849', '2007-11-19', 'Av. Cabildo 2367', 'Rosario', 'C1236ABC', TRUE, '2024-02-28 09:00:00', '2024-08-10 09:00:00'),
  (56, 'student', 'Tomas', 'Rodriguez', 'tomas.rodriguez56@students.school.edu', '+54 11 4517-6421', '2008-04-29', 'Calle Lavalle 7733', 'Tucuman', 'C1063ABC', TRUE, '2023-05-30 09:00:00', '2024-08-20 09:00:00'),
  (57, 'student', 'Daniela', 'Howard', 'daniela.howard57@students.school.edu', '+54 11 4120-7232', '2009-11-25', 'Av. Las Heras 196', 'Mar del Plata', 'C1305ABC', TRUE, '2023-05-31 09:00:00', '2024-08-15 09:00:00'),
  (58, 'student', 'Delilah', 'Cooper', 'delilah.cooper58@students.school.edu', '+54 11 4717-4613', '2010-06-27', 'Av. Las Heras 3695', 'La Plata', 'C1446ABC', TRUE, '2023-07-01 09:00:00', '2024-08-22 09:00:00'),
  (59, 'student', 'Nevaeh', 'Phillips', 'nevaeh.phillips59@students.school.edu', '+54 11 4269-8657', '2010-01-23', 'Av. Santa Fe 8851', 'Buenos Aires', 'C1928ABC', TRUE, '2023-01-03 09:00:00', '2024-08-11 09:00:00'),
  (60, 'student', 'Linus', 'Hernandez', 'linus.hernandez60@students.school.edu', '+54 11 4538-3223', '2009-08-09', 'Av. Las Heras 3077', 'Buenos Aires', 'C1266ABC', TRUE, '2023-12-30 09:00:00', '2024-08-18 09:00:00'),
  (61, 'teacher', 'Logan', 'Baker', 'logan.baker61@faculty.school.edu', '+54 11 5384-7906', '1982-01-03', 'Av. Rivadavia 1441', 'Salta', 'C1019DEF', TRUE, '2023-02-01 09:00:00', '2024-07-19 09:00:00'),
  (62, 'teacher', 'Camila', 'Rodriguez', 'camila.rodriguez62@faculty.school.edu', '+54 11 5141-1508', '1994-03-28', 'Av. de Mayo 3366', 'Buenos Aires', 'C1636DEF', TRUE, '2022-04-03 09:00:00', '2024-07-03 09:00:00'),
  (63, 'teacher', 'Nevaeh', 'Anderson', 'nevaeh.anderson63@faculty.school.edu', '+54 11 5323-8619', '1990-04-20', 'Av. Rivadavia 6143', 'Rosario', 'C1620DEF', TRUE, '2015-04-14 09:00:00', '2024-08-18 09:00:00'),
  (64, 'teacher', 'Catalina', 'Lee', 'catalina.lee64@faculty.school.edu', '+54 11 5210-1420', '1978-12-15', 'Av. Rivadavia 9533', 'Tucuman', 'C1406DEF', TRUE, '2021-06-12 09:00:00', '2024-08-23 09:00:00'),
  (65, 'teacher', 'Eva', 'Watson', 'eva.watson65@faculty.school.edu', '+54 11 5204-5941', '1975-11-23', 'Av. Belgrano 2083', 'Bahia Blanca', 'C1801DEF', TRUE, '2017-09-11 09:00:00', '2024-07-09 09:00:00'),
  (66, 'teacher', 'Quinn', 'Mitchell', 'quinn.mitchell66@faculty.school.edu', '+54 11 5618-6590', '1968-02-04', 'Av. Corrientes 6982', 'Salta', 'C1108DEF', TRUE, '2019-08-11 09:00:00', '2024-06-12 09:00:00'),
  (67, 'teacher', 'Riley', 'Martin', 'riley.martin67@faculty.school.edu', '+54 11 5280-9548', '1984-07-15', 'Av. Rivadavia 8917', 'Salta', 'C1476DEF', TRUE, '2015-06-22 09:00:00', '2024-06-18 09:00:00'),
  (68, 'teacher', 'Noah', 'Adams', 'noah.adams68@faculty.school.edu', '+54 11 5950-2419', '1976-01-06', 'Av. Rivadavia 7485', 'Mendoza', 'C1768DEF', TRUE, '2016-10-29 09:00:00', '2024-06-08 09:00:00'),
  (69, 'teacher', 'Abigail', 'Baker', 'abigail.baker69@faculty.school.edu', '+54 11 5606-6325', '1966-04-16', 'Av. Santa Fe 8088', 'Mendoza', 'C1363DEF', TRUE, '2019-11-08 09:00:00', '2024-07-28 09:00:00'),
  (70, 'teacher', 'Serenity', 'Scott', 'serenity.scott70@faculty.school.edu', '+54 11 5110-9464', '1989-12-07', 'Av. de Mayo 1502', 'Mendoza', 'C1737DEF', TRUE, '2017-06-11 09:00:00', '2024-08-02 09:00:00'),
  (71, 'teacher', 'Piper', 'Stewart', 'piper.stewart71@faculty.school.edu', '+54 11 5828-9041', '1993-12-22', 'Av. Las Heras 382', 'Cordoba', 'C1301DEF', TRUE, '2015-11-30 09:00:00', '2024-08-01 09:00:00'),
  (72, 'teacher', 'Ethan', 'Howard', 'ethan.howard72@faculty.school.edu', '+54 11 5584-9698', '1981-07-22', 'Calle Florida 7071', 'Santa Fe', 'C1338DEF', TRUE, '2018-08-01 09:00:00', '2024-07-29 09:00:00'),
  (73, 'teacher', 'Ethan', 'Allen', 'ethan.allen73@faculty.school.edu', '+54 11 5223-4155', '1975-05-06', 'Calle Florida 2058', 'Santa Fe', 'C1973DEF', TRUE, '2021-08-05 09:00:00', '2024-08-08 09:00:00'),
  (74, 'teacher', 'Tomas', 'Morris', 'tomas.morris74@faculty.school.edu', '+54 11 5841-9595', '1977-05-28', 'Av. Belgrano 4736', 'Cordoba', 'C1852DEF', TRUE, '2021-02-13 09:00:00', '2024-07-17 09:00:00'),
  (75, 'teacher', 'Carmela', 'Hill', 'carmela.hill75@faculty.school.edu', '+54 11 5825-9751', '1965-08-20', 'Av. Santa Fe 4594', 'Buenos Aires', 'C1997DEF', TRUE, '2020-05-24 09:00:00', '2024-06-04 09:00:00'),
  (76, 'teacher', 'Rob', 'Brooks', 'rob.brooks76@faculty.school.edu', '+54 11 5205-1200', '1987-01-08', 'Av. Belgrano 4758', 'Salta', 'C1490DEF', TRUE, '2021-08-08 09:00:00', '2024-08-26 09:00:00'),
  (77, 'teacher', 'Olivia', 'Morris', 'olivia.morris77@faculty.school.edu', '+54 11 5941-2070', '1970-02-13', 'Av. 9 de Julio 8156', 'Cordoba', 'C1590DEF', TRUE, '2023-01-26 09:00:00', '2024-08-13 09:00:00'),
  (78, 'teacher', 'Yukihiro', 'Reed', 'yukihiro.reed78@faculty.school.edu', '+54 11 5187-5066', '1978-08-19', 'Av. Cabildo 9243', 'Tucuman', 'C1620DEF', TRUE, '2016-09-25 09:00:00', '2024-08-04 09:00:00'),
  (79, 'teacher', 'Catalina', 'Gutierrez', 'catalina.gutierrez79@faculty.school.edu', '+54 11 5561-8253', '1982-01-24', 'Av. Rivadavia 9742', 'Tucuman', 'C1312DEF', TRUE, '2022-12-30 09:00:00', '2024-06-15 09:00:00'),
  (80, 'teacher', 'Vivian', 'Gonzalez', 'vivian.gonzalez80@faculty.school.edu', '+54 11 5740-4457', '1974-04-28', 'Av. Rivadavia 1430', 'Rosario', 'C1245DEF', TRUE, '2022-10-30 09:00:00', '2024-08-12 09:00:00'),
  (81, 'teacher', 'Ada', 'Evans', 'ada.evans81@faculty.school.edu', '+54 11 5805-8699', '1985-03-18', 'Av. Rivadavia 634', 'Mendoza', 'C1295DEF', TRUE, '2015-10-15 09:00:00', '2024-07-05 09:00:00'),
  (82, 'teacher', 'Barbara', 'Robinson', 'barbara.robinson82@faculty.school.edu', '+54 11 5906-4241', '1976-11-13', 'Av. 9 de Julio 1980', 'Santa Fe', 'C1230DEF', TRUE, '2020-09-09 09:00:00', '2024-08-14 09:00:00'),
  (83, 'teacher', 'Barbara', 'Davis', 'barbara.davis83@faculty.school.edu', '+54 11 5911-6039', '1972-06-11', 'Av. Belgrano 9425', 'La Plata', 'C1449DEF', TRUE, '2015-12-13 09:00:00', '2024-07-25 09:00:00'),
  (84, 'teacher', 'Lydia', 'Phillips', 'lydia.phillips84@faculty.school.edu', '+54 11 5612-9847', '1977-03-19', 'Av. Las Heras 7272', 'Cordoba', 'C1612DEF', TRUE, '2018-10-29 09:00:00', '2024-07-22 09:00:00'),
  (85, 'teacher', 'Autumn', 'Allen', 'autumn.allen85@faculty.school.edu', '+54 11 5193-4750', '1966-02-28', 'Av. Belgrano 9719', 'Buenos Aires', 'C1783DEF', TRUE, '2020-08-25 09:00:00', '2024-06-20 09:00:00'),
  (86, 'staff', 'Edsger', 'Thompson', 'edsger.thompson86@staff.school.edu', '+54 11 6631-8245', '1991-02-08', 'Av. Rivadavia 3073', 'Bahia Blanca', 'C1446GHI', TRUE, '2018-08-30 09:00:00', '2024-08-27 09:00:00'),
  (87, 'staff', 'Aurora', 'Hall', 'aurora.hall87@staff.school.edu', '+54 11 6441-6260', '1988-04-26', 'Av. Cabildo 2734', 'Mar del Plata', 'C1421GHI', TRUE, '2020-12-11 09:00:00', '2024-07-21 09:00:00'),
  (88, 'staff', 'Eleanor', 'Peterson', 'eleanor.peterson88@staff.school.edu', '+54 11 6565-2442', '1971-08-25', 'Calle Florida 4235', 'Mar del Plata', 'C1118GHI', TRUE, '2019-08-24 09:00:00', '2024-07-08 09:00:00'),
  (89, 'staff', 'Caroline', 'Smith', 'caroline.smith89@staff.school.edu', '+54 11 6990-9889', '1999-07-03', 'Av. Las Heras 6870', 'Buenos Aires', 'C1192GHI', TRUE, '2017-03-12 09:00:00', '2024-07-15 09:00:00'),
  (90, 'staff', 'Lucy', 'Watson', 'lucy.watson90@staff.school.edu', '+54 11 6878-1845', '1989-10-30', 'Av. de Mayo 4475', 'Santa Fe', 'C1134GHI', TRUE, '2019-04-07 09:00:00', '2024-07-07 09:00:00'),
  (91, 'staff', 'Lydia', 'Morales', 'lydia.morales91@staff.school.edu', '+54 11 6129-4920', '1975-06-13', 'Av. Santa Fe 5191', 'Santa Fe', 'C1014GHI', TRUE, '2023-02-18 09:00:00', '2024-08-18 09:00:00'),
  (92, 'staff', 'James', 'Reyes', 'james.reyes92@staff.school.edu', '+54 11 6763-3522', '1975-04-09', 'Av. Las Heras 4881', 'Santa Fe', 'C1722GHI', TRUE, '2018-10-07 09:00:00', '2024-08-02 09:00:00'),
  (93, 'staff', 'Bruno', 'Collins', 'bruno.collins93@staff.school.edu', '+54 11 6248-7284', '1994-09-23', 'Av. de Mayo 9920', 'Santa Fe', 'C1764GHI', TRUE, '2023-05-25 09:00:00', '2024-08-15 09:00:00'),
  (94, 'staff', 'Daniela', 'Turner', 'daniela.turner94@staff.school.edu', '+54 11 6906-9318', '1985-03-31', 'Av. Rivadavia 142', 'La Plata', 'C1743GHI', TRUE, '2017-08-05 09:00:00', '2024-07-26 09:00:00'),
  (95, 'staff', 'Quinn', 'Morales', 'quinn.morales95@staff.school.edu', '+54 11 6557-9824', '1976-08-31', 'Av. Las Heras 5754', 'Mar del Plata', 'C1565GHI', TRUE, '2019-12-12 09:00:00', '2024-08-03 09:00:00'),
  (96, 'staff', 'Logan', 'Harris', 'logan.harris96@staff.school.edu', '+54 11 6685-7274', '1980-09-17', 'Av. de Mayo 6830', 'Buenos Aires', 'C1325GHI', TRUE, '2019-11-26 09:00:00', '2024-08-08 09:00:00'),
  (97, 'staff', 'Quinn', 'Martin', 'quinn.martin97@staff.school.edu', '+54 11 6137-3068', '1992-03-21', 'Calle Lavalle 9769', 'Mar del Plata', 'C1890GHI', TRUE, '2019-03-29 09:00:00', '2024-08-26 09:00:00'),
  (98, 'staff', 'Hannah', 'Collins', 'hannah.collins98@staff.school.edu', '+54 11 6839-3361', '1970-09-09', 'Av. 9 de Julio 2629', 'Cordoba', 'C1480GHI', TRUE, '2021-03-16 09:00:00', '2024-08-11 09:00:00'),
  (99, 'staff', 'Hailey', 'Gomez', 'hailey.gomez99@staff.school.edu', '+54 11 6182-6383', '1999-02-24', 'Calle Lavalle 6326', 'Mar del Plata', 'C1641GHI', TRUE, '2018-09-15 09:00:00', '2024-07-08 09:00:00'),
  (100, 'staff', 'Allison', 'Jones', 'allison.jones100@staff.school.edu', '+54 11 6170-4846', '1997-09-12', 'Av. Rivadavia 3827', 'Cordoba', 'C1444GHI', TRUE, '2017-01-26 09:00:00', '2024-07-18 09:00:00');

INSERT INTO departments (id, code, name, budget, head_teacher_id, created_at) VALUES
  (1, 'SCI', 'Sciences', 850000.0, NULL, '2020-01-15 09:00:00'),
  (2, 'MAT', 'Mathematics', 620000.0, NULL, '2020-01-15 09:00:00'),
  (3, 'HUM', 'Humanities', 540000.0, NULL, '2020-01-15 09:00:00'),
  (4, 'ART', 'Arts', 310000.0, NULL, '2020-01-15 09:00:00');

INSERT INTO students (person_id, enrollment_year, current_grade_level, gpa, scholarship, guardian_name, guardian_phone) VALUES
  (1, 2022, 10, 2.33, FALSE, 'Linus Garcia', '+54 11 7432-1919'),
  (2, 2023, 9, 2.75, TRUE, 'Hannah Evans', '+54 11 7679-3950'),
  (3, 2022, 8, 2.16, FALSE, 'Hailey Walker', '+54 11 7609-3344'),
  (4, 2022, 10, 3.28, FALSE, 'Nevaeh Johnson', '+54 11 7923-8622'),
  (5, 2023, 12, 3.09, TRUE, 'Jackson Ramos', '+54 11 7406-7951'),
  (6, 2024, 9, 2.91, FALSE, 'Nora Morris', '+54 11 7209-4886'),
  (7, 2023, 11, 2.72, FALSE, 'Lydia Nguyen', '+54 11 7122-7484'),
  (8, 2023, 7, 3.13, FALSE, 'Delilah Miller', '+54 11 7720-9138'),
  (9, 2023, 8, 3.21, FALSE, 'Valeria Harris', '+54 11 7735-5106'),
  (10, 2024, 12, 3.53, FALSE, 'Anders Watson', '+54 11 7199-1645'),
  (11, 2023, 10, 2.07, FALSE, 'Rob Lopez', '+54 11 7402-6352'),
  (12, 2024, 10, 2.35, TRUE, 'Allison Campbell', '+54 11 7643-9221'),
  (13, 2023, 8, 2.51, FALSE, 'Violet Nguyen', '+54 11 7864-6549'),
  (14, 2022, 10, 3.93, TRUE, 'Camila Gomez', '+54 11 7966-6992'),
  (15, 2022, 10, 2.03, FALSE, 'Riley Mitchell', '+54 11 7788-5295'),
  (16, 2024, 10, 3.64, FALSE, 'Dennis Robinson', '+54 11 7582-1410'),
  (17, 2024, 11, 2.66, FALSE, 'Isla Rodriguez', '+54 11 7750-8606'),
  (18, 2024, 9, 3.3, TRUE, 'Edsger Jones', '+54 11 7411-9071'),
  (19, 2022, 7, 2.47, FALSE, 'Nora Collins', '+54 11 7479-9850'),
  (20, 2023, 11, 3.48, TRUE, 'Lily Gonzalez', '+54 11 7953-9017'),
  (21, 2024, 10, 3.88, FALSE, 'Piper Mitchell', '+54 11 7322-8264'),
  (22, 2023, 8, 3.71, TRUE, 'Sadie Mitchell', '+54 11 7657-6876'),
  (23, 2022, 10, 2.55, FALSE, 'Riley Lopez', '+54 11 7778-4475'),
  (24, 2024, 12, 3.19, TRUE, 'Lucas Young', '+54 11 7228-4362'),
  (25, 2022, 11, 2.41, FALSE, 'Joaquin Nelson', '+54 11 7892-3417'),
  (26, 2024, 7, 2.55, FALSE, 'Rob Cooper', '+54 11 7356-3858'),
  (27, 2022, 12, 3.73, TRUE, 'Amelia Walker', '+54 11 7702-6304'),
  (28, 2022, 8, 2.53, TRUE, 'Lily Ortiz', '+54 11 7216-2041'),
  (29, 2023, 10, 3.56, FALSE, 'Dennis Edwards', '+54 11 7615-4629'),
  (30, 2024, 7, 3.45, FALSE, 'Quinn Gutierrez', '+54 11 7408-8504'),
  (31, 2024, 7, 2.12, FALSE, 'Eleanor Diaz', '+54 11 7802-2768'),
  (32, 2023, 12, 3.82, TRUE, 'Niklaus Adams', '+54 11 7722-3430'),
  (33, 2022, 8, 2.55, FALSE, 'Gabriella Adams', '+54 11 7490-9692'),
  (34, 2023, 10, 3.01, FALSE, 'Lydia Anderson', '+54 11 7973-4522'),
  (35, 2023, 10, 3.78, FALSE, 'Riley Phillips', '+54 11 7525-2557'),
  (36, 2023, 10, 2.63, FALSE, 'Yukihiro Stewart', '+54 11 7168-2494'),
  (37, 2022, 7, 2.86, FALSE, 'Evelyn Taylor', '+54 11 7669-1982'),
  (38, 2024, 11, 3.12, FALSE, 'Hazel Rivera', '+54 11 7994-7929'),
  (39, 2024, 7, 3.94, FALSE, 'Amelia Wilson', '+54 11 7691-9313'),
  (40, 2022, 8, 3.31, FALSE, 'Dennis Hall', '+54 11 7965-7022'),
  (41, 2022, 9, 3.15, FALSE, 'Alice Richardson', '+54 11 7728-1430'),
  (42, 2024, 12, 3.66, FALSE, 'Sofia Wright', '+54 11 7819-6062'),
  (43, 2023, 9, 2.01, FALSE, 'Madelyn Phillips', '+54 11 7171-3324'),
  (44, 2024, 12, 3.94, TRUE, 'Hannah Ramirez', '+54 11 7485-7878'),
  (45, 2023, 9, 2.31, FALSE, 'Logan Reed', '+54 11 7710-2391'),
  (46, 2022, 8, 2.31, FALSE, 'Ivy Hernandez', '+54 11 7378-8259'),
  (47, 2024, 10, 2.97, FALSE, 'Noah Ramirez', '+54 11 7873-9394'),
  (48, 2022, 9, 2.86, FALSE, 'Ivy Ramos', '+54 11 7598-9633'),
  (49, 2024, 9, 2.09, FALSE, 'Serenity Davis', '+54 11 7107-4349'),
  (50, 2023, 8, 3.53, FALSE, 'Isabella Adams', '+54 11 7222-1126'),
  (51, 2023, 12, 2.86, TRUE, 'Ariana Robinson', '+54 11 7612-6802'),
  (52, 2022, 10, 3.72, TRUE, 'Grace Collins', '+54 11 7179-6129'),
  (53, 2024, 10, 3.15, FALSE, 'Lily Nguyen', '+54 11 7217-7636'),
  (54, 2022, 9, 2.34, FALSE, 'Riley Campbell', '+54 11 7190-8155'),
  (55, 2022, 8, 2.87, FALSE, 'Niklaus Gomez', '+54 11 7991-6083'),
  (56, 2024, 9, 2.44, FALSE, 'Barbara Rogers', '+54 11 7748-2868'),
  (57, 2024, 11, 2.39, FALSE, 'Jackson Chavez', '+54 11 7934-3419'),
  (58, 2022, 7, 2.29, TRUE, 'Autumn Martin', '+54 11 7878-2234'),
  (59, 2022, 12, 2.99, FALSE, 'Iris Howard', '+54 11 7559-6295'),
  (60, 2024, 9, 2.3, TRUE, 'Zoe Watson', '+54 11 7410-5500');

INSERT INTO teachers (person_id, hire_date, department_id, salary, tenure_status) VALUES
  (61, '2012-11-23', 1, 70366.84, 'tenured'),
  (62, '2015-02-20', 4, 46880.36, 'tenured'),
  (63, '2006-09-21', 3, 77233.32, 'probation'),
  (64, '2015-05-19', 4, 74016.47, 'probation'),
  (65, '2023-03-02', 4, 73582.83, 'tenured'),
  (66, '2018-07-28', 3, 68781.45, 'tenured'),
  (67, '2015-02-08', 1, 50175.09, 'tenured'),
  (68, '2016-04-26', 1, 77306.35, 'probation'),
  (69, '2020-11-14', 2, 66887.91, 'adjunct'),
  (70, '2013-03-01', 2, 63642.6, 'tenured'),
  (71, '2014-03-03', 4, 83723.24, 'probation'),
  (72, '2006-06-24', 3, 61484.54, 'adjunct'),
  (73, '2010-08-27', 3, 81186.68, 'tenured'),
  (74, '2006-10-30', 3, 74136.98, 'tenured'),
  (75, '2011-12-17', 3, 93384.83, 'adjunct'),
  (76, '2018-05-07', 2, 80441.7, 'probation'),
  (77, '2017-07-15', 3, 63833.97, 'tenured'),
  (78, '2020-01-12', 2, 80141.54, 'probation'),
  (79, '2016-05-28', 4, 63091.4, 'tenured'),
  (80, '2009-01-16', 3, 92558.47, 'tenured'),
  (81, '2009-04-22', 4, 56327.15, 'tenured'),
  (82, '2006-09-25', 2, 59789.61, 'probation'),
  (83, '2019-11-06', 1, 61838.22, 'tenured'),
  (84, '2008-06-17', 4, 53112.36, 'tenured'),
  (85, '2005-12-24', 4, 65542.93, 'tenured');

INSERT INTO staff (person_id, hire_date, role, department_id, salary) VALUES
  (86, '2019-12-18', 'nurse', 3, 34318.08),
  (87, '2015-05-14', 'nurse', 3, 52407.31),
  (88, '2014-05-09', 'it support', 4, 54579.87),
  (89, '2020-05-10', 'nurse', 3, 41578.48),
  (90, '2019-05-23', 'counselor', 1, 49634.0),
  (91, '2013-02-07', 'nurse', NULL, 45311.83),
  (92, '2018-04-29', 'librarian', 4, 50981.48),
  (93, '2016-05-24', 'librarian', 1, 35365.37),
  (94, '2021-07-07', 'counselor', 3, 30476.27),
  (95, '2014-12-24', 'groundskeeper', 2, 53122.74),
  (96, '2019-04-22', 'registrar', 3, 41554.19),
  (97, '2015-04-16', 'security', NULL, 38122.64),
  (98, '2010-08-19', 'it support', NULL, 50657.76),
  (99, '2017-07-09', 'counselor', 1, 29034.19),
  (100, '2020-08-06', 'counselor', 3, 40112.24);

UPDATE departments SET head_teacher_id = 61 WHERE id = 1;
UPDATE departments SET head_teacher_id = 62 WHERE id = 4;
UPDATE departments SET head_teacher_id = 63 WHERE id = 3;
UPDATE departments SET head_teacher_id = 69 WHERE id = 2;

INSERT INTO courses (id, code, name, description, credits, department_id, max_students, teacher_id) VALUES
  (1, 'BIO101', 'Introduction to Biology', 'Foundations of cellular and molecular biology.', 4, 1, 30, 61),
  (2, 'PHY201', 'Classical Mechanics', 'Newtonian mechanics, energy, and momentum.', 5, 1, 25, 61),
  (3, 'MAT101', 'Calculus I', 'Limits, derivatives, and basic integrals.', 4, 2, 30, 69),
  (4, 'MAT301', 'Linear Algebra', 'Vectors, matrices, and linear transformations.', 4, 2, 25, 76),
  (5, 'HIS210', 'World History', 'From antiquity to the modern era.', 3, 3, 35, 73),
  (6, 'LIT220', 'Latin American Literature', 'Survey of major works and authors.', 3, 3, 30, 72),
  (7, 'MUS110', 'Music Theory', 'Notation, harmony, and ear training.', 2, 4, 20, 84),
  (8, 'ART150', 'Drawing Fundamentals', 'Line, shape, perspective, and shading.', 2, 4, 20, 64);

INSERT INTO enrollments (id, student_id, course_id, semester, year, status, enrolled_at) VALUES
  (1, 1, 4, 'fall', 2024, 'enrolled', '2024-08-02 09:00:00'),
  (2, 1, 3, 'fall', 2024, 'enrolled', '2024-07-09 09:00:00'),
  (3, 2, 2, 'fall', 2024, 'completed', '2024-07-17 09:00:00'),
  (4, 2, 1, 'fall', 2024, 'enrolled', '2024-08-16 09:00:00'),
  (5, 3, 4, 'fall', 2024, 'enrolled', '2024-08-17 09:00:00'),
  (6, 3, 6, 'fall', 2024, 'enrolled', '2024-08-02 09:00:00'),
  (7, 3, 2, 'fall', 2024, 'enrolled', '2024-08-06 09:00:00'),
  (8, 4, 2, 'fall', 2024, 'enrolled', '2024-07-15 09:00:00'),
  (9, 4, 5, 'fall', 2024, 'enrolled', '2024-07-16 09:00:00'),
  (10, 4, 3, 'fall', 2024, 'enrolled', '2024-07-24 09:00:00'),
  (11, 5, 1, 'fall', 2024, 'enrolled', '2024-07-25 09:00:00'),
  (12, 5, 6, 'fall', 2024, 'enrolled', '2024-08-16 09:00:00'),
  (13, 6, 2, 'fall', 2024, 'enrolled', '2024-07-06 09:00:00'),
  (14, 6, 3, 'fall', 2024, 'enrolled', '2024-07-11 09:00:00'),
  (15, 7, 6, 'fall', 2024, 'enrolled', '2024-07-27 09:00:00'),
  (16, 7, 2, 'fall', 2024, 'completed', '2024-08-06 09:00:00'),
  (17, 7, 1, 'fall', 2024, 'completed', '2024-07-05 09:00:00'),
  (18, 8, 8, 'fall', 2024, 'enrolled', '2024-08-09 09:00:00'),
  (19, 8, 6, 'fall', 2024, 'enrolled', '2024-07-19 09:00:00'),
  (20, 9, 5, 'fall', 2024, 'enrolled', '2024-08-05 09:00:00'),
  (21, 9, 2, 'fall', 2024, 'completed', '2024-07-28 09:00:00'),
  (22, 10, 7, 'fall', 2024, 'enrolled', '2024-08-01 09:00:00'),
  (23, 10, 8, 'fall', 2024, 'enrolled', '2024-07-07 09:00:00'),
  (24, 11, 5, 'fall', 2024, 'completed', '2024-08-14 09:00:00'),
  (25, 11, 3, 'fall', 2024, 'completed', '2024-07-27 09:00:00'),
  (26, 12, 2, 'fall', 2024, 'enrolled', '2024-07-23 09:00:00'),
  (27, 12, 7, 'fall', 2024, 'completed', '2024-07-24 09:00:00'),
  (28, 13, 3, 'fall', 2024, 'enrolled', '2024-07-25 09:00:00'),
  (29, 13, 4, 'fall', 2024, 'dropped', '2024-07-15 09:00:00'),
  (30, 14, 2, 'fall', 2024, 'enrolled', '2024-07-21 09:00:00'),
  (31, 14, 6, 'fall', 2024, 'enrolled', '2024-08-06 09:00:00'),
  (32, 15, 5, 'fall', 2024, 'enrolled', '2024-07-06 09:00:00'),
  (33, 15, 3, 'fall', 2024, 'enrolled', '2024-07-20 09:00:00'),
  (34, 15, 1, 'fall', 2024, 'enrolled', '2024-07-21 09:00:00'),
  (35, 16, 8, 'fall', 2024, 'enrolled', '2024-07-26 09:00:00'),
  (36, 16, 3, 'fall', 2024, 'enrolled', '2024-07-21 09:00:00'),
  (37, 17, 1, 'fall', 2024, 'enrolled', '2024-07-23 09:00:00'),
  (38, 17, 8, 'fall', 2024, 'enrolled', '2024-07-05 09:00:00'),
  (39, 18, 1, 'fall', 2024, 'completed', '2024-07-05 09:00:00'),
  (40, 18, 2, 'fall', 2024, 'completed', '2024-08-15 09:00:00'),
  (41, 19, 2, 'fall', 2024, 'completed', '2024-07-25 09:00:00'),
  (42, 19, 8, 'fall', 2024, 'enrolled', '2024-07-12 09:00:00'),
  (43, 20, 3, 'fall', 2024, 'enrolled', '2024-07-25 09:00:00'),
  (44, 20, 6, 'fall', 2024, 'enrolled', '2024-08-13 09:00:00'),
  (45, 21, 3, 'fall', 2024, 'enrolled', '2024-07-07 09:00:00'),
  (46, 21, 5, 'fall', 2024, 'enrolled', '2024-08-10 09:00:00'),
  (47, 21, 8, 'fall', 2024, 'enrolled', '2024-08-06 09:00:00'),
  (48, 22, 7, 'fall', 2024, 'enrolled', '2024-08-01 09:00:00'),
  (49, 22, 5, 'fall', 2024, 'completed', '2024-08-04 09:00:00'),
  (50, 23, 5, 'fall', 2024, 'enrolled', '2024-08-09 09:00:00'),
  (51, 23, 6, 'fall', 2024, 'completed', '2024-07-20 09:00:00'),
  (52, 23, 4, 'fall', 2024, 'enrolled', '2024-07-03 09:00:00'),
  (53, 24, 2, 'fall', 2024, 'enrolled', '2024-07-28 09:00:00'),
  (54, 24, 7, 'fall', 2024, 'enrolled', '2024-07-03 09:00:00'),
  (55, 25, 5, 'fall', 2024, 'completed', '2024-07-03 09:00:00'),
  (56, 25, 3, 'fall', 2024, 'completed', '2024-07-04 09:00:00'),
  (57, 26, 3, 'fall', 2024, 'enrolled', '2024-08-10 09:00:00'),
  (58, 26, 7, 'fall', 2024, 'failed', '2024-08-09 09:00:00'),
  (59, 26, 8, 'fall', 2024, 'enrolled', '2024-07-17 09:00:00'),
  (60, 27, 6, 'fall', 2024, 'enrolled', '2024-07-19 09:00:00'),
  (61, 27, 5, 'fall', 2024, 'completed', '2024-07-13 09:00:00'),
  (62, 28, 2, 'fall', 2024, 'enrolled', '2024-07-03 09:00:00'),
  (63, 28, 1, 'fall', 2024, 'completed', '2024-07-15 09:00:00'),
  (64, 29, 7, 'fall', 2024, 'enrolled', '2024-08-09 09:00:00'),
  (65, 29, 8, 'fall', 2024, 'failed', '2024-07-07 09:00:00'),
  (66, 30, 8, 'fall', 2024, 'enrolled', '2024-07-26 09:00:00'),
  (67, 30, 4, 'fall', 2024, 'enrolled', '2024-07-13 09:00:00'),
  (68, 31, 3, 'fall', 2024, 'enrolled', '2024-08-14 09:00:00'),
  (69, 31, 7, 'fall', 2024, 'completed', '2024-07-15 09:00:00'),
  (70, 31, 2, 'fall', 2024, 'enrolled', '2024-08-07 09:00:00'),
  (71, 32, 6, 'fall', 2024, 'enrolled', '2024-07-15 09:00:00'),
  (72, 32, 8, 'fall', 2024, 'completed', '2024-08-12 09:00:00'),
  (73, 33, 4, 'fall', 2024, 'failed', '2024-07-31 09:00:00'),
  (74, 33, 6, 'fall', 2024, 'enrolled', '2024-07-29 09:00:00'),
  (75, 34, 2, 'fall', 2024, 'enrolled', '2024-07-11 09:00:00'),
  (76, 34, 5, 'fall', 2024, 'enrolled', '2024-07-06 09:00:00'),
  (77, 34, 6, 'fall', 2024, 'enrolled', '2024-07-10 09:00:00'),
  (78, 35, 1, 'fall', 2024, 'completed', '2024-08-12 09:00:00'),
  (79, 35, 7, 'fall', 2024, 'enrolled', '2024-07-07 09:00:00'),
  (80, 36, 5, 'fall', 2024, 'completed', '2024-07-22 09:00:00'),
  (81, 36, 6, 'fall', 2024, 'enrolled', '2024-08-16 09:00:00'),
  (82, 36, 2, 'fall', 2024, 'enrolled', '2024-07-08 09:00:00'),
  (83, 37, 5, 'fall', 2024, 'enrolled', '2024-07-05 09:00:00'),
  (84, 37, 6, 'fall', 2024, 'enrolled', '2024-07-19 09:00:00'),
  (85, 37, 3, 'fall', 2024, 'enrolled', '2024-08-14 09:00:00'),
  (86, 38, 8, 'fall', 2024, 'enrolled', '2024-08-04 09:00:00'),
  (87, 38, 4, 'fall', 2024, 'enrolled', '2024-08-08 09:00:00'),
  (88, 39, 6, 'fall', 2024, 'failed', '2024-07-26 09:00:00'),
  (89, 39, 8, 'fall', 2024, 'failed', '2024-08-09 09:00:00'),
  (90, 40, 2, 'fall', 2024, 'enrolled', '2024-08-10 09:00:00'),
  (91, 40, 3, 'fall', 2024, 'enrolled', '2024-08-02 09:00:00'),
  (92, 41, 2, 'fall', 2024, 'enrolled', '2024-07-24 09:00:00'),
  (93, 41, 1, 'fall', 2024, 'completed', '2024-07-22 09:00:00'),
  (94, 42, 3, 'fall', 2024, 'enrolled', '2024-07-12 09:00:00'),
  (95, 42, 7, 'fall', 2024, 'completed', '2024-08-05 09:00:00'),
  (96, 43, 8, 'fall', 2024, 'enrolled', '2024-07-29 09:00:00'),
  (97, 43, 5, 'fall', 2024, 'enrolled', '2024-08-12 09:00:00'),
  (98, 44, 8, 'fall', 2024, 'enrolled', '2024-07-26 09:00:00'),
  (99, 44, 2, 'fall', 2024, 'enrolled', '2024-07-30 09:00:00'),
  (100, 45, 8, 'fall', 2024, 'enrolled', '2024-08-11 09:00:00'),
  (101, 45, 3, 'fall', 2024, 'enrolled', '2024-08-01 09:00:00'),
  (102, 46, 6, 'fall', 2024, 'enrolled', '2024-07-23 09:00:00'),
  (103, 46, 7, 'fall', 2024, 'enrolled', '2024-07-13 09:00:00'),
  (104, 46, 4, 'fall', 2024, 'enrolled', '2024-07-13 09:00:00'),
  (105, 47, 2, 'fall', 2024, 'enrolled', '2024-07-13 09:00:00'),
  (106, 47, 4, 'fall', 2024, 'enrolled', '2024-07-09 09:00:00'),
  (107, 48, 2, 'fall', 2024, 'enrolled', '2024-07-27 09:00:00'),
  (108, 48, 8, 'fall', 2024, 'enrolled', '2024-07-25 09:00:00'),
  (109, 48, 1, 'fall', 2024, 'completed', '2024-08-05 09:00:00'),
  (110, 49, 7, 'fall', 2024, 'enrolled', '2024-08-09 09:00:00'),
  (111, 49, 5, 'fall', 2024, 'completed', '2024-07-18 09:00:00'),
  (112, 49, 1, 'fall', 2024, 'enrolled', '2024-08-08 09:00:00'),
  (113, 50, 3, 'fall', 2024, 'enrolled', '2024-07-23 09:00:00'),
  (114, 50, 8, 'fall', 2024, 'failed', '2024-07-29 09:00:00'),
  (115, 50, 5, 'fall', 2024, 'enrolled', '2024-07-16 09:00:00'),
  (116, 51, 8, 'fall', 2024, 'enrolled', '2024-08-16 09:00:00'),
  (117, 51, 6, 'fall', 2024, 'enrolled', '2024-07-05 09:00:00'),
  (118, 51, 5, 'fall', 2024, 'enrolled', '2024-07-22 09:00:00'),
  (119, 52, 5, 'fall', 2024, 'completed', '2024-07-08 09:00:00'),
  (120, 52, 7, 'fall', 2024, 'enrolled', '2024-07-18 09:00:00'),
  (121, 52, 6, 'fall', 2024, 'enrolled', '2024-07-07 09:00:00'),
  (122, 53, 4, 'fall', 2024, 'enrolled', '2024-08-07 09:00:00'),
  (123, 53, 6, 'fall', 2024, 'enrolled', '2024-07-09 09:00:00'),
  (124, 53, 1, 'fall', 2024, 'completed', '2024-07-24 09:00:00'),
  (125, 54, 4, 'fall', 2024, 'enrolled', '2024-07-04 09:00:00'),
  (126, 54, 1, 'fall', 2024, 'enrolled', '2024-08-16 09:00:00'),
  (127, 55, 6, 'fall', 2024, 'enrolled', '2024-07-04 09:00:00'),
  (128, 55, 4, 'fall', 2024, 'enrolled', '2024-07-16 09:00:00'),
  (129, 56, 8, 'fall', 2024, 'completed', '2024-07-03 09:00:00'),
  (130, 56, 7, 'fall', 2024, 'enrolled', '2024-08-04 09:00:00'),
  (131, 56, 6, 'fall', 2024, 'enrolled', '2024-07-06 09:00:00'),
  (132, 57, 7, 'fall', 2024, 'failed', '2024-07-19 09:00:00'),
  (133, 57, 3, 'fall', 2024, 'dropped', '2024-07-27 09:00:00'),
  (134, 58, 6, 'fall', 2024, 'enrolled', '2024-07-04 09:00:00'),
  (135, 58, 8, 'fall', 2024, 'enrolled', '2024-07-18 09:00:00'),
  (136, 58, 7, 'fall', 2024, 'enrolled', '2024-08-02 09:00:00'),
  (137, 59, 5, 'fall', 2024, 'dropped', '2024-07-29 09:00:00'),
  (138, 59, 2, 'fall', 2024, 'completed', '2024-07-03 09:00:00'),
  (139, 60, 8, 'fall', 2024, 'enrolled', '2024-07-13 09:00:00'),
  (140, 60, 3, 'fall', 2024, 'dropped', '2024-07-31 09:00:00');

INSERT INTO grades (id, enrollment_id, assignment_name, score, max_score, weight, graded_at) VALUES
  (1, 1, 'Midterm Exam', 57.27, 100, 0.3, '2024-06-20 09:00:00'),
  (2, 1, 'Final Exam', 80.6, 100, 0.4, '2024-07-15 09:00:00'),
  (3, 1, 'Term Project', 48.96, 50, 0.3, '2024-07-13 09:00:00'),
  (4, 2, 'Midterm Exam', 89.1, 100, 0.3, '2024-08-14 09:00:00'),
  (5, 2, 'Final Exam', 57.43, 100, 0.4, '2024-07-27 09:00:00'),
  (6, 2, 'Term Project', 49.55, 50, 0.3, '2024-08-22 09:00:00'),
  (7, 3, 'Midterm Exam', 60.78, 100, 0.3, '2024-07-07 09:00:00'),
  (8, 3, 'Final Exam', 79.36, 100, 0.4, '2024-07-02 09:00:00'),
  (9, 3, 'Term Project', 42.14, 50, 0.3, '2024-06-25 09:00:00'),
  (10, 4, 'Midterm Exam', 56.27, 100, 0.3, '2024-06-22 09:00:00'),
  (11, 4, 'Final Exam', 81.77, 100, 0.4, '2024-08-15 09:00:00'),
  (12, 4, 'Term Project', 41.09, 50, 0.3, '2024-06-18 09:00:00'),
  (13, 5, 'Midterm Exam', 54.36, 100, 0.3, '2024-08-26 09:00:00'),
  (14, 5, 'Final Exam', 80.19, 100, 0.4, '2024-06-26 09:00:00'),
  (15, 5, 'Term Project', 42.26, 50, 0.3, '2024-08-03 09:00:00'),
  (16, 6, 'Midterm Exam', 43.15, 100, 0.3, '2024-07-11 09:00:00'),
  (17, 6, 'Final Exam', 59.82, 100, 0.4, '2024-07-03 09:00:00'),
  (18, 6, 'Term Project', 41.01, 50, 0.3, '2024-08-15 09:00:00'),
  (19, 7, 'Midterm Exam', 40.31, 100, 0.3, '2024-06-23 09:00:00'),
  (20, 7, 'Final Exam', 98.67, 100, 0.4, '2024-08-12 09:00:00'),
  (21, 7, 'Term Project', 44.07, 50, 0.3, '2024-07-03 09:00:00'),
  (22, 8, 'Midterm Exam', 68.65, 100, 0.3, '2024-08-07 09:00:00'),
  (23, 8, 'Final Exam', 85.35, 100, 0.4, '2024-07-27 09:00:00'),
  (24, 8, 'Term Project', 43.21, 50, 0.3, '2024-06-11 09:00:00'),
  (25, 9, 'Midterm Exam', 43.55, 100, 0.3, '2024-08-21 09:00:00'),
  (26, 9, 'Final Exam', 79.14, 100, 0.4, '2024-08-03 09:00:00'),
  (27, 9, 'Term Project', 45.35, 50, 0.3, '2024-08-28 09:00:00'),
  (28, 10, 'Midterm Exam', 94.79, 100, 0.3, '2024-08-10 09:00:00'),
  (29, 10, 'Final Exam', 65.07, 100, 0.4, '2024-08-10 09:00:00'),
  (30, 10, 'Term Project', 49.34, 50, 0.3, '2024-08-28 09:00:00'),
  (31, 11, 'Midterm Exam', 99.83, 100, 0.3, '2024-07-13 09:00:00'),
  (32, 11, 'Final Exam', 87.28, 100, 0.4, '2024-08-09 09:00:00'),
  (33, 11, 'Term Project', 49.37, 50, 0.3, '2024-07-26 09:00:00'),
  (34, 12, 'Midterm Exam', 92.6, 100, 0.3, '2024-08-31 09:00:00'),
  (35, 12, 'Final Exam', 57.9, 100, 0.4, '2024-06-16 09:00:00'),
  (36, 12, 'Term Project', 41.07, 50, 0.3, '2024-07-21 09:00:00'),
  (37, 13, 'Midterm Exam', 57.07, 100, 0.3, '2024-06-11 09:00:00'),
  (38, 13, 'Final Exam', 72.6, 100, 0.4, '2024-06-30 09:00:00'),
  (39, 13, 'Term Project', 48.89, 50, 0.3, '2024-08-15 09:00:00'),
  (40, 14, 'Midterm Exam', 91.06, 100, 0.3, '2024-07-04 09:00:00'),
  (41, 14, 'Final Exam', 56.37, 100, 0.4, '2024-08-18 09:00:00'),
  (42, 14, 'Term Project', 43.31, 50, 0.3, '2024-07-05 09:00:00'),
  (43, 15, 'Midterm Exam', 78.9, 100, 0.3, '2024-08-09 09:00:00'),
  (44, 15, 'Final Exam', 40.85, 100, 0.4, '2024-07-20 09:00:00'),
  (45, 15, 'Term Project', 47.91, 50, 0.3, '2024-06-21 09:00:00'),
  (46, 16, 'Midterm Exam', 80.46, 100, 0.3, '2024-08-08 09:00:00'),
  (47, 16, 'Final Exam', 50.53, 100, 0.4, '2024-06-12 09:00:00'),
  (48, 16, 'Term Project', 48.97, 50, 0.3, '2024-07-09 09:00:00'),
  (49, 17, 'Midterm Exam', 70.92, 100, 0.3, '2024-08-21 09:00:00'),
  (50, 17, 'Final Exam', 64.05, 100, 0.4, '2024-08-20 09:00:00'),
  (51, 17, 'Term Project', 41.85, 50, 0.3, '2024-08-15 09:00:00'),
  (52, 18, 'Midterm Exam', 68.65, 100, 0.3, '2024-08-01 09:00:00'),
  (53, 18, 'Final Exam', 40.41, 100, 0.4, '2024-07-14 09:00:00'),
  (54, 18, 'Term Project', 42.36, 50, 0.3, '2024-07-29 09:00:00'),
  (55, 19, 'Midterm Exam', 97.24, 100, 0.3, '2024-07-25 09:00:00'),
  (56, 19, 'Final Exam', 74.95, 100, 0.4, '2024-06-20 09:00:00'),
  (57, 19, 'Term Project', 40.11, 50, 0.3, '2024-06-10 09:00:00'),
  (58, 20, 'Midterm Exam', 61.57, 100, 0.3, '2024-08-02 09:00:00'),
  (59, 20, 'Final Exam', 43.73, 100, 0.4, '2024-08-17 09:00:00'),
  (60, 20, 'Term Project', 44.65, 50, 0.3, '2024-08-12 09:00:00'),
  (61, 21, 'Midterm Exam', 64.32, 100, 0.3, '2024-06-29 09:00:00'),
  (62, 21, 'Final Exam', 95.39, 100, 0.4, '2024-06-03 09:00:00'),
  (63, 21, 'Term Project', 47.7, 50, 0.3, '2024-06-05 09:00:00'),
  (64, 22, 'Midterm Exam', 47.04, 100, 0.3, '2024-07-26 09:00:00'),
  (65, 22, 'Final Exam', 62.05, 100, 0.4, '2024-08-04 09:00:00'),
  (66, 22, 'Term Project', 42.19, 50, 0.3, '2024-08-15 09:00:00'),
  (67, 23, 'Midterm Exam', 68.69, 100, 0.3, '2024-07-05 09:00:00'),
  (68, 23, 'Final Exam', 84.86, 100, 0.4, '2024-06-16 09:00:00'),
  (69, 23, 'Term Project', 43.74, 50, 0.3, '2024-06-04 09:00:00'),
  (70, 24, 'Midterm Exam', 72.95, 100, 0.3, '2024-07-03 09:00:00'),
  (71, 24, 'Final Exam', 85.44, 100, 0.4, '2024-06-08 09:00:00'),
  (72, 24, 'Term Project', 48.26, 50, 0.3, '2024-08-01 09:00:00'),
  (73, 25, 'Midterm Exam', 80.82, 100, 0.3, '2024-06-17 09:00:00'),
  (74, 25, 'Final Exam', 92.39, 100, 0.4, '2024-08-22 09:00:00'),
  (75, 25, 'Term Project', 45.26, 50, 0.3, '2024-06-26 09:00:00'),
  (76, 26, 'Midterm Exam', 82.23, 100, 0.3, '2024-08-23 09:00:00'),
  (77, 26, 'Final Exam', 95.03, 100, 0.4, '2024-08-18 09:00:00'),
  (78, 26, 'Term Project', 40.62, 50, 0.3, '2024-06-23 09:00:00'),
  (79, 27, 'Midterm Exam', 94.17, 100, 0.3, '2024-08-07 09:00:00'),
  (80, 27, 'Final Exam', 74.36, 100, 0.4, '2024-08-13 09:00:00'),
  (81, 27, 'Term Project', 41.65, 50, 0.3, '2024-06-27 09:00:00'),
  (82, 28, 'Midterm Exam', 66.51, 100, 0.3, '2024-06-06 09:00:00'),
  (83, 28, 'Final Exam', 52.32, 100, 0.4, '2024-06-19 09:00:00'),
  (84, 28, 'Term Project', 44.89, 50, 0.3, '2024-06-28 09:00:00'),
  (85, 30, 'Midterm Exam', 66.73, 100, 0.3, '2024-08-25 09:00:00'),
  (86, 30, 'Final Exam', 67.21, 100, 0.4, '2024-06-28 09:00:00'),
  (87, 30, 'Term Project', 44.15, 50, 0.3, '2024-06-21 09:00:00'),
  (88, 31, 'Midterm Exam', 43.46, 100, 0.3, '2024-07-04 09:00:00'),
  (89, 31, 'Final Exam', 80.37, 100, 0.4, '2024-07-24 09:00:00'),
  (90, 31, 'Term Project', 47.23, 50, 0.3, '2024-07-13 09:00:00'),
  (91, 32, 'Midterm Exam', 55.27, 100, 0.3, '2024-09-01 09:00:00'),
  (92, 32, 'Final Exam', 84.75, 100, 0.4, '2024-06-19 09:00:00'),
  (93, 32, 'Term Project', 40.73, 50, 0.3, '2024-07-09 09:00:00'),
  (94, 33, 'Midterm Exam', 60.67, 100, 0.3, '2024-08-24 09:00:00'),
  (95, 33, 'Final Exam', 72.47, 100, 0.4, '2024-08-25 09:00:00'),
  (96, 33, 'Term Project', 49.35, 50, 0.3, '2024-08-24 09:00:00'),
  (97, 34, 'Midterm Exam', 99.17, 100, 0.3, '2024-07-03 09:00:00'),
  (98, 34, 'Final Exam', 41.9, 100, 0.4, '2024-07-11 09:00:00'),
  (99, 34, 'Term Project', 41.8, 50, 0.3, '2024-08-15 09:00:00'),
  (100, 35, 'Midterm Exam', 85.95, 100, 0.3, '2024-06-11 09:00:00'),
  (101, 35, 'Final Exam', 97.83, 100, 0.4, '2024-07-16 09:00:00'),
  (102, 35, 'Term Project', 49.93, 50, 0.3, '2024-07-15 09:00:00'),
  (103, 36, 'Midterm Exam', 66.91, 100, 0.3, '2024-07-15 09:00:00'),
  (104, 36, 'Final Exam', 62.54, 100, 0.4, '2024-06-06 09:00:00'),
  (105, 36, 'Term Project', 49.64, 50, 0.3, '2024-06-24 09:00:00'),
  (106, 37, 'Midterm Exam', 47.98, 100, 0.3, '2024-07-19 09:00:00'),
  (107, 37, 'Final Exam', 47.12, 100, 0.4, '2024-06-25 09:00:00'),
  (108, 37, 'Term Project', 43.93, 50, 0.3, '2024-08-16 09:00:00'),
  (109, 38, 'Midterm Exam', 83.67, 100, 0.3, '2024-08-04 09:00:00'),
  (110, 38, 'Final Exam', 90.09, 100, 0.4, '2024-08-30 09:00:00'),
  (111, 38, 'Term Project', 49.78, 50, 0.3, '2024-07-04 09:00:00'),
  (112, 39, 'Midterm Exam', 80.41, 100, 0.3, '2024-06-24 09:00:00'),
  (113, 39, 'Final Exam', 65.45, 100, 0.4, '2024-07-15 09:00:00'),
  (114, 39, 'Term Project', 48.23, 50, 0.3, '2024-08-01 09:00:00'),
  (115, 40, 'Midterm Exam', 67.64, 100, 0.3, '2024-08-13 09:00:00'),
  (116, 40, 'Final Exam', 56.54, 100, 0.4, '2024-08-18 09:00:00'),
  (117, 40, 'Term Project', 40.32, 50, 0.3, '2024-06-09 09:00:00'),
  (118, 41, 'Midterm Exam', 65.15, 100, 0.3, '2024-08-30 09:00:00'),
  (119, 41, 'Final Exam', 54.44, 100, 0.4, '2024-08-24 09:00:00'),
  (120, 41, 'Term Project', 41.01, 50, 0.3, '2024-08-28 09:00:00'),
  (121, 42, 'Midterm Exam', 66.79, 100, 0.3, '2024-06-07 09:00:00'),
  (122, 42, 'Final Exam', 82.2, 100, 0.4, '2024-08-26 09:00:00'),
  (123, 42, 'Term Project', 42.45, 50, 0.3, '2024-08-27 09:00:00'),
  (124, 43, 'Midterm Exam', 64.14, 100, 0.3, '2024-08-03 09:00:00'),
  (125, 43, 'Final Exam', 72.39, 100, 0.4, '2024-08-25 09:00:00'),
  (126, 43, 'Term Project', 41.4, 50, 0.3, '2024-07-26 09:00:00'),
  (127, 44, 'Midterm Exam', 54.05, 100, 0.3, '2024-06-20 09:00:00'),
  (128, 44, 'Final Exam', 59.13, 100, 0.4, '2024-06-17 09:00:00'),
  (129, 44, 'Term Project', 47.73, 50, 0.3, '2024-07-22 09:00:00'),
  (130, 45, 'Midterm Exam', 54.21, 100, 0.3, '2024-08-14 09:00:00'),
  (131, 45, 'Final Exam', 99.14, 100, 0.4, '2024-06-27 09:00:00'),
  (132, 45, 'Term Project', 42.21, 50, 0.3, '2024-07-25 09:00:00'),
  (133, 46, 'Midterm Exam', 56.51, 100, 0.3, '2024-06-22 09:00:00'),
  (134, 46, 'Final Exam', 96.91, 100, 0.4, '2024-08-10 09:00:00'),
  (135, 46, 'Term Project', 46.26, 50, 0.3, '2024-07-09 09:00:00'),
  (136, 47, 'Midterm Exam', 73.35, 100, 0.3, '2024-08-26 09:00:00'),
  (137, 47, 'Final Exam', 98.34, 100, 0.4, '2024-06-11 09:00:00'),
  (138, 47, 'Term Project', 46.71, 50, 0.3, '2024-06-26 09:00:00'),
  (139, 48, 'Midterm Exam', 59.12, 100, 0.3, '2024-07-10 09:00:00'),
  (140, 48, 'Final Exam', 64.5, 100, 0.4, '2024-07-25 09:00:00'),
  (141, 48, 'Term Project', 43.76, 50, 0.3, '2024-06-25 09:00:00'),
  (142, 49, 'Midterm Exam', 68.41, 100, 0.3, '2024-08-04 09:00:00'),
  (143, 49, 'Final Exam', 58.04, 100, 0.4, '2024-06-03 09:00:00'),
  (144, 49, 'Term Project', 41.44, 50, 0.3, '2024-07-04 09:00:00'),
  (145, 50, 'Midterm Exam', 94.88, 100, 0.3, '2024-06-22 09:00:00'),
  (146, 50, 'Final Exam', 64.76, 100, 0.4, '2024-07-10 09:00:00'),
  (147, 50, 'Term Project', 45.57, 50, 0.3, '2024-08-15 09:00:00'),
  (148, 51, 'Midterm Exam', 63.31, 100, 0.3, '2024-07-31 09:00:00'),
  (149, 51, 'Final Exam', 52.2, 100, 0.4, '2024-06-11 09:00:00'),
  (150, 51, 'Term Project', 40.79, 50, 0.3, '2024-07-06 09:00:00'),
  (151, 52, 'Midterm Exam', 90.83, 100, 0.3, '2024-08-21 09:00:00'),
  (152, 52, 'Final Exam', 72.14, 100, 0.4, '2024-08-08 09:00:00'),
  (153, 52, 'Term Project', 40.52, 50, 0.3, '2024-07-15 09:00:00'),
  (154, 53, 'Midterm Exam', 80.42, 100, 0.3, '2024-06-16 09:00:00'),
  (155, 53, 'Final Exam', 42.37, 100, 0.4, '2024-08-23 09:00:00'),
  (156, 53, 'Term Project', 41.88, 50, 0.3, '2024-06-18 09:00:00'),
  (157, 54, 'Midterm Exam', 83.46, 100, 0.3, '2024-06-22 09:00:00'),
  (158, 54, 'Final Exam', 53.02, 100, 0.4, '2024-08-06 09:00:00'),
  (159, 54, 'Term Project', 48.69, 50, 0.3, '2024-07-21 09:00:00'),
  (160, 55, 'Midterm Exam', 58.19, 100, 0.3, '2024-08-31 09:00:00'),
  (161, 55, 'Final Exam', 52.71, 100, 0.4, '2024-08-08 09:00:00'),
  (162, 55, 'Term Project', 49.62, 50, 0.3, '2024-08-17 09:00:00'),
  (163, 56, 'Midterm Exam', 84.81, 100, 0.3, '2024-07-02 09:00:00'),
  (164, 56, 'Final Exam', 94.87, 100, 0.4, '2024-06-04 09:00:00'),
  (165, 56, 'Term Project', 46.04, 50, 0.3, '2024-08-06 09:00:00'),
  (166, 57, 'Midterm Exam', 63.8, 100, 0.3, '2024-08-02 09:00:00'),
  (167, 57, 'Final Exam', 73.12, 100, 0.4, '2024-07-27 09:00:00'),
  (168, 57, 'Term Project', 43.81, 50, 0.3, '2024-06-25 09:00:00'),
  (169, 58, 'Midterm Exam', 78.92, 100, 0.3, '2024-07-24 09:00:00'),
  (170, 58, 'Final Exam', 55.69, 100, 0.4, '2024-06-28 09:00:00'),
  (171, 58, 'Term Project', 48.83, 50, 0.3, '2024-07-04 09:00:00'),
  (172, 59, 'Midterm Exam', 45.92, 100, 0.3, '2024-07-03 09:00:00'),
  (173, 59, 'Final Exam', 85.7, 100, 0.4, '2024-07-23 09:00:00'),
  (174, 59, 'Term Project', 49.14, 50, 0.3, '2024-07-16 09:00:00'),
  (175, 60, 'Midterm Exam', 58.78, 100, 0.3, '2024-08-27 09:00:00'),
  (176, 60, 'Final Exam', 73.75, 100, 0.4, '2024-08-04 09:00:00'),
  (177, 60, 'Term Project', 47.41, 50, 0.3, '2024-08-30 09:00:00'),
  (178, 61, 'Midterm Exam', 55.65, 100, 0.3, '2024-06-19 09:00:00'),
  (179, 61, 'Final Exam', 74.75, 100, 0.4, '2024-07-10 09:00:00'),
  (180, 61, 'Term Project', 42.95, 50, 0.3, '2024-08-07 09:00:00'),
  (181, 62, 'Midterm Exam', 59.79, 100, 0.3, '2024-07-15 09:00:00'),
  (182, 62, 'Final Exam', 74.19, 100, 0.4, '2024-08-01 09:00:00'),
  (183, 62, 'Term Project', 44.99, 50, 0.3, '2024-06-10 09:00:00'),
  (184, 63, 'Midterm Exam', 96.61, 100, 0.3, '2024-07-20 09:00:00'),
  (185, 63, 'Final Exam', 55.44, 100, 0.4, '2024-07-01 09:00:00'),
  (186, 63, 'Term Project', 49.67, 50, 0.3, '2024-06-11 09:00:00'),
  (187, 64, 'Midterm Exam', 84.38, 100, 0.3, '2024-07-05 09:00:00'),
  (188, 64, 'Final Exam', 50.09, 100, 0.4, '2024-07-18 09:00:00'),
  (189, 64, 'Term Project', 41.69, 50, 0.3, '2024-06-24 09:00:00'),
  (190, 65, 'Midterm Exam', 69.3, 100, 0.3, '2024-06-24 09:00:00'),
  (191, 65, 'Final Exam', 99.42, 100, 0.4, '2024-08-25 09:00:00'),
  (192, 65, 'Term Project', 45.24, 50, 0.3, '2024-08-23 09:00:00'),
  (193, 66, 'Midterm Exam', 96.71, 100, 0.3, '2024-06-08 09:00:00'),
  (194, 66, 'Final Exam', 42.91, 100, 0.4, '2024-09-01 09:00:00'),
  (195, 66, 'Term Project', 44.12, 50, 0.3, '2024-06-13 09:00:00'),
  (196, 67, 'Midterm Exam', 53.89, 100, 0.3, '2024-06-03 09:00:00'),
  (197, 67, 'Final Exam', 49.06, 100, 0.4, '2024-08-05 09:00:00'),
  (198, 67, 'Term Project', 45.06, 50, 0.3, '2024-07-16 09:00:00'),
  (199, 68, 'Midterm Exam', 43.63, 100, 0.3, '2024-06-12 09:00:00'),
  (200, 68, 'Final Exam', 80.01, 100, 0.4, '2024-06-15 09:00:00');

INSERT INTO grades (id, enrollment_id, assignment_name, score, max_score, weight, graded_at) VALUES
  (201, 68, 'Term Project', 49.13, 50, 0.3, '2024-06-09 09:00:00'),
  (202, 69, 'Midterm Exam', 69.27, 100, 0.3, '2024-09-01 09:00:00'),
  (203, 69, 'Final Exam', 71.93, 100, 0.4, '2024-07-11 09:00:00'),
  (204, 69, 'Term Project', 40.12, 50, 0.3, '2024-06-26 09:00:00'),
  (205, 70, 'Midterm Exam', 83.33, 100, 0.3, '2024-06-25 09:00:00'),
  (206, 70, 'Final Exam', 98.65, 100, 0.4, '2024-08-30 09:00:00'),
  (207, 70, 'Term Project', 45.02, 50, 0.3, '2024-06-04 09:00:00'),
  (208, 71, 'Midterm Exam', 80.44, 100, 0.3, '2024-08-10 09:00:00'),
  (209, 71, 'Final Exam', 46.42, 100, 0.4, '2024-08-20 09:00:00'),
  (210, 71, 'Term Project', 45.24, 50, 0.3, '2024-08-02 09:00:00'),
  (211, 72, 'Midterm Exam', 51.52, 100, 0.3, '2024-06-26 09:00:00'),
  (212, 72, 'Final Exam', 55.15, 100, 0.4, '2024-07-18 09:00:00'),
  (213, 72, 'Term Project', 42.67, 50, 0.3, '2024-07-13 09:00:00'),
  (214, 73, 'Midterm Exam', 44.74, 100, 0.3, '2024-07-12 09:00:00'),
  (215, 73, 'Final Exam', 67.54, 100, 0.4, '2024-08-01 09:00:00'),
  (216, 73, 'Term Project', 49.9, 50, 0.3, '2024-08-04 09:00:00'),
  (217, 74, 'Midterm Exam', 58.0, 100, 0.3, '2024-08-22 09:00:00'),
  (218, 74, 'Final Exam', 79.22, 100, 0.4, '2024-06-10 09:00:00'),
  (219, 74, 'Term Project', 47.6, 50, 0.3, '2024-08-21 09:00:00'),
  (220, 75, 'Midterm Exam', 64.32, 100, 0.3, '2024-07-15 09:00:00'),
  (221, 75, 'Final Exam', 73.16, 100, 0.4, '2024-08-25 09:00:00'),
  (222, 75, 'Term Project', 46.37, 50, 0.3, '2024-06-04 09:00:00'),
  (223, 76, 'Midterm Exam', 50.28, 100, 0.3, '2024-06-30 09:00:00'),
  (224, 76, 'Final Exam', 90.72, 100, 0.4, '2024-06-11 09:00:00'),
  (225, 76, 'Term Project', 47.84, 50, 0.3, '2024-06-21 09:00:00'),
  (226, 77, 'Midterm Exam', 98.64, 100, 0.3, '2024-08-20 09:00:00'),
  (227, 77, 'Final Exam', 93.69, 100, 0.4, '2024-08-27 09:00:00'),
  (228, 77, 'Term Project', 42.3, 50, 0.3, '2024-06-05 09:00:00'),
  (229, 78, 'Midterm Exam', 93.25, 100, 0.3, '2024-07-03 09:00:00'),
  (230, 78, 'Final Exam', 56.27, 100, 0.4, '2024-08-23 09:00:00'),
  (231, 78, 'Term Project', 46.84, 50, 0.3, '2024-07-28 09:00:00'),
  (232, 79, 'Midterm Exam', 93.96, 100, 0.3, '2024-06-21 09:00:00'),
  (233, 79, 'Final Exam', 79.49, 100, 0.4, '2024-08-10 09:00:00'),
  (234, 79, 'Term Project', 49.29, 50, 0.3, '2024-07-23 09:00:00'),
  (235, 80, 'Midterm Exam', 40.94, 100, 0.3, '2024-08-06 09:00:00'),
  (236, 80, 'Final Exam', 75.22, 100, 0.4, '2024-07-13 09:00:00'),
  (237, 80, 'Term Project', 49.29, 50, 0.3, '2024-07-25 09:00:00'),
  (238, 81, 'Midterm Exam', 49.75, 100, 0.3, '2024-08-02 09:00:00'),
  (239, 81, 'Final Exam', 74.0, 100, 0.4, '2024-07-14 09:00:00'),
  (240, 81, 'Term Project', 46.77, 50, 0.3, '2024-06-24 09:00:00'),
  (241, 82, 'Midterm Exam', 59.9, 100, 0.3, '2024-08-15 09:00:00'),
  (242, 82, 'Final Exam', 87.43, 100, 0.4, '2024-06-05 09:00:00'),
  (243, 82, 'Term Project', 47.24, 50, 0.3, '2024-06-29 09:00:00'),
  (244, 83, 'Midterm Exam', 84.73, 100, 0.3, '2024-07-19 09:00:00'),
  (245, 83, 'Final Exam', 43.22, 100, 0.4, '2024-07-08 09:00:00'),
  (246, 83, 'Term Project', 42.32, 50, 0.3, '2024-08-23 09:00:00'),
  (247, 84, 'Midterm Exam', 60.44, 100, 0.3, '2024-06-15 09:00:00'),
  (248, 84, 'Final Exam', 97.29, 100, 0.4, '2024-07-13 09:00:00'),
  (249, 84, 'Term Project', 49.69, 50, 0.3, '2024-07-22 09:00:00'),
  (250, 85, 'Midterm Exam', 41.78, 100, 0.3, '2024-07-29 09:00:00'),
  (251, 85, 'Final Exam', 87.01, 100, 0.4, '2024-07-06 09:00:00'),
  (252, 85, 'Term Project', 44.91, 50, 0.3, '2024-07-18 09:00:00'),
  (253, 86, 'Midterm Exam', 73.18, 100, 0.3, '2024-07-15 09:00:00'),
  (254, 86, 'Final Exam', 65.91, 100, 0.4, '2024-06-06 09:00:00'),
  (255, 86, 'Term Project', 45.86, 50, 0.3, '2024-07-15 09:00:00'),
  (256, 87, 'Midterm Exam', 45.14, 100, 0.3, '2024-06-14 09:00:00'),
  (257, 87, 'Final Exam', 57.72, 100, 0.4, '2024-08-01 09:00:00'),
  (258, 87, 'Term Project', 47.13, 50, 0.3, '2024-08-22 09:00:00'),
  (259, 88, 'Midterm Exam', 56.08, 100, 0.3, '2024-07-15 09:00:00'),
  (260, 88, 'Final Exam', 82.7, 100, 0.4, '2024-06-12 09:00:00'),
  (261, 88, 'Term Project', 41.54, 50, 0.3, '2024-07-14 09:00:00'),
  (262, 89, 'Midterm Exam', 59.0, 100, 0.3, '2024-08-19 09:00:00'),
  (263, 89, 'Final Exam', 45.49, 100, 0.4, '2024-07-24 09:00:00'),
  (264, 89, 'Term Project', 44.45, 50, 0.3, '2024-07-29 09:00:00'),
  (265, 90, 'Midterm Exam', 46.13, 100, 0.3, '2024-08-21 09:00:00'),
  (266, 90, 'Final Exam', 51.24, 100, 0.4, '2024-07-06 09:00:00'),
  (267, 90, 'Term Project', 45.57, 50, 0.3, '2024-06-28 09:00:00'),
  (268, 91, 'Midterm Exam', 64.48, 100, 0.3, '2024-08-29 09:00:00'),
  (269, 91, 'Final Exam', 45.38, 100, 0.4, '2024-06-23 09:00:00'),
  (270, 91, 'Term Project', 40.93, 50, 0.3, '2024-06-17 09:00:00'),
  (271, 92, 'Midterm Exam', 87.07, 100, 0.3, '2024-07-14 09:00:00'),
  (272, 92, 'Final Exam', 40.74, 100, 0.4, '2024-07-11 09:00:00'),
  (273, 92, 'Term Project', 43.88, 50, 0.3, '2024-08-22 09:00:00'),
  (274, 93, 'Midterm Exam', 83.49, 100, 0.3, '2024-06-22 09:00:00'),
  (275, 93, 'Final Exam', 94.31, 100, 0.4, '2024-08-01 09:00:00'),
  (276, 93, 'Term Project', 45.72, 50, 0.3, '2024-08-11 09:00:00'),
  (277, 94, 'Midterm Exam', 81.12, 100, 0.3, '2024-08-11 09:00:00'),
  (278, 94, 'Final Exam', 48.33, 100, 0.4, '2024-07-25 09:00:00'),
  (279, 94, 'Term Project', 42.68, 50, 0.3, '2024-08-14 09:00:00'),
  (280, 95, 'Midterm Exam', 43.8, 100, 0.3, '2024-07-08 09:00:00'),
  (281, 95, 'Final Exam', 56.56, 100, 0.4, '2024-07-25 09:00:00'),
  (282, 95, 'Term Project', 44.84, 50, 0.3, '2024-08-23 09:00:00'),
  (283, 96, 'Midterm Exam', 61.67, 100, 0.3, '2024-08-01 09:00:00'),
  (284, 96, 'Final Exam', 83.25, 100, 0.4, '2024-06-30 09:00:00'),
  (285, 96, 'Term Project', 45.94, 50, 0.3, '2024-08-07 09:00:00'),
  (286, 97, 'Midterm Exam', 67.47, 100, 0.3, '2024-08-15 09:00:00'),
  (287, 97, 'Final Exam', 58.28, 100, 0.4, '2024-07-13 09:00:00'),
  (288, 97, 'Term Project', 43.32, 50, 0.3, '2024-06-14 09:00:00'),
  (289, 98, 'Midterm Exam', 62.79, 100, 0.3, '2024-07-21 09:00:00'),
  (290, 98, 'Final Exam', 66.41, 100, 0.4, '2024-07-08 09:00:00'),
  (291, 98, 'Term Project', 48.15, 50, 0.3, '2024-06-10 09:00:00'),
  (292, 99, 'Midterm Exam', 98.45, 100, 0.3, '2024-08-15 09:00:00'),
  (293, 99, 'Final Exam', 58.03, 100, 0.4, '2024-06-16 09:00:00'),
  (294, 99, 'Term Project', 49.47, 50, 0.3, '2024-08-07 09:00:00'),
  (295, 100, 'Midterm Exam', 68.74, 100, 0.3, '2024-08-10 09:00:00'),
  (296, 100, 'Final Exam', 97.87, 100, 0.4, '2024-07-23 09:00:00'),
  (297, 100, 'Term Project', 42.91, 50, 0.3, '2024-06-05 09:00:00'),
  (298, 101, 'Midterm Exam', 77.97, 100, 0.3, '2024-06-20 09:00:00'),
  (299, 101, 'Final Exam', 86.92, 100, 0.4, '2024-07-22 09:00:00'),
  (300, 101, 'Term Project', 43.76, 50, 0.3, '2024-07-13 09:00:00'),
  (301, 102, 'Midterm Exam', 61.9, 100, 0.3, '2024-06-21 09:00:00'),
  (302, 102, 'Final Exam', 51.99, 100, 0.4, '2024-06-24 09:00:00'),
  (303, 102, 'Term Project', 41.8, 50, 0.3, '2024-06-23 09:00:00'),
  (304, 103, 'Midterm Exam', 41.61, 100, 0.3, '2024-07-04 09:00:00'),
  (305, 103, 'Final Exam', 96.58, 100, 0.4, '2024-08-06 09:00:00'),
  (306, 103, 'Term Project', 44.38, 50, 0.3, '2024-07-26 09:00:00'),
  (307, 104, 'Midterm Exam', 89.88, 100, 0.3, '2024-08-24 09:00:00'),
  (308, 104, 'Final Exam', 89.14, 100, 0.4, '2024-07-11 09:00:00'),
  (309, 104, 'Term Project', 46.73, 50, 0.3, '2024-08-15 09:00:00'),
  (310, 105, 'Midterm Exam', 78.0, 100, 0.3, '2024-08-02 09:00:00'),
  (311, 105, 'Final Exam', 55.16, 100, 0.4, '2024-08-13 09:00:00'),
  (312, 105, 'Term Project', 47.15, 50, 0.3, '2024-07-15 09:00:00'),
  (313, 106, 'Midterm Exam', 44.44, 100, 0.3, '2024-06-17 09:00:00'),
  (314, 106, 'Final Exam', 68.75, 100, 0.4, '2024-07-12 09:00:00'),
  (315, 106, 'Term Project', 45.34, 50, 0.3, '2024-06-05 09:00:00'),
  (316, 107, 'Midterm Exam', 65.1, 100, 0.3, '2024-08-28 09:00:00'),
  (317, 107, 'Final Exam', 87.44, 100, 0.4, '2024-07-17 09:00:00'),
  (318, 107, 'Term Project', 47.02, 50, 0.3, '2024-06-25 09:00:00'),
  (319, 108, 'Midterm Exam', 75.63, 100, 0.3, '2024-08-22 09:00:00'),
  (320, 108, 'Final Exam', 46.56, 100, 0.4, '2024-08-01 09:00:00'),
  (321, 108, 'Term Project', 46.58, 50, 0.3, '2024-07-18 09:00:00'),
  (322, 109, 'Midterm Exam', 49.98, 100, 0.3, '2024-06-15 09:00:00'),
  (323, 109, 'Final Exam', 42.66, 100, 0.4, '2024-06-11 09:00:00'),
  (324, 109, 'Term Project', 46.77, 50, 0.3, '2024-07-12 09:00:00'),
  (325, 110, 'Midterm Exam', 98.01, 100, 0.3, '2024-07-21 09:00:00'),
  (326, 110, 'Final Exam', 97.94, 100, 0.4, '2024-07-08 09:00:00'),
  (327, 110, 'Term Project', 41.06, 50, 0.3, '2024-08-20 09:00:00'),
  (328, 111, 'Midterm Exam', 55.52, 100, 0.3, '2024-06-28 09:00:00'),
  (329, 111, 'Final Exam', 84.81, 100, 0.4, '2024-06-22 09:00:00'),
  (330, 111, 'Term Project', 45.81, 50, 0.3, '2024-06-20 09:00:00'),
  (331, 112, 'Midterm Exam', 53.26, 100, 0.3, '2024-07-16 09:00:00'),
  (332, 112, 'Final Exam', 63.47, 100, 0.4, '2024-06-07 09:00:00'),
  (333, 112, 'Term Project', 45.89, 50, 0.3, '2024-06-29 09:00:00'),
  (334, 113, 'Midterm Exam', 49.04, 100, 0.3, '2024-08-29 09:00:00'),
  (335, 113, 'Final Exam', 68.97, 100, 0.4, '2024-07-26 09:00:00'),
  (336, 113, 'Term Project', 44.16, 50, 0.3, '2024-08-22 09:00:00'),
  (337, 114, 'Midterm Exam', 46.96, 100, 0.3, '2024-08-14 09:00:00'),
  (338, 114, 'Final Exam', 60.9, 100, 0.4, '2024-07-20 09:00:00'),
  (339, 114, 'Term Project', 44.55, 50, 0.3, '2024-08-06 09:00:00'),
  (340, 115, 'Midterm Exam', 71.27, 100, 0.3, '2024-07-19 09:00:00'),
  (341, 115, 'Final Exam', 68.57, 100, 0.4, '2024-07-07 09:00:00'),
  (342, 115, 'Term Project', 47.22, 50, 0.3, '2024-07-06 09:00:00'),
  (343, 116, 'Midterm Exam', 59.13, 100, 0.3, '2024-07-25 09:00:00'),
  (344, 116, 'Final Exam', 42.68, 100, 0.4, '2024-06-03 09:00:00'),
  (345, 116, 'Term Project', 41.15, 50, 0.3, '2024-07-20 09:00:00'),
  (346, 117, 'Midterm Exam', 78.88, 100, 0.3, '2024-06-07 09:00:00'),
  (347, 117, 'Final Exam', 88.0, 100, 0.4, '2024-08-01 09:00:00'),
  (348, 117, 'Term Project', 45.16, 50, 0.3, '2024-06-23 09:00:00'),
  (349, 118, 'Midterm Exam', 49.61, 100, 0.3, '2024-06-22 09:00:00'),
  (350, 118, 'Final Exam', 65.58, 100, 0.4, '2024-07-04 09:00:00'),
  (351, 118, 'Term Project', 42.32, 50, 0.3, '2024-07-12 09:00:00'),
  (352, 119, 'Midterm Exam', 77.79, 100, 0.3, '2024-08-09 09:00:00'),
  (353, 119, 'Final Exam', 78.43, 100, 0.4, '2024-07-08 09:00:00'),
  (354, 119, 'Term Project', 43.96, 50, 0.3, '2024-06-15 09:00:00'),
  (355, 120, 'Midterm Exam', 92.99, 100, 0.3, '2024-07-06 09:00:00'),
  (356, 120, 'Final Exam', 75.53, 100, 0.4, '2024-07-14 09:00:00'),
  (357, 120, 'Term Project', 40.04, 50, 0.3, '2024-08-05 09:00:00'),
  (358, 121, 'Midterm Exam', 52.35, 100, 0.3, '2024-06-03 09:00:00'),
  (359, 121, 'Final Exam', 88.52, 100, 0.4, '2024-08-24 09:00:00'),
  (360, 121, 'Term Project', 45.77, 50, 0.3, '2024-06-25 09:00:00'),
  (361, 122, 'Midterm Exam', 51.22, 100, 0.3, '2024-07-22 09:00:00'),
  (362, 122, 'Final Exam', 51.82, 100, 0.4, '2024-08-18 09:00:00'),
  (363, 122, 'Term Project', 42.62, 50, 0.3, '2024-07-01 09:00:00'),
  (364, 123, 'Midterm Exam', 71.66, 100, 0.3, '2024-06-12 09:00:00'),
  (365, 123, 'Final Exam', 58.8, 100, 0.4, '2024-07-14 09:00:00'),
  (366, 123, 'Term Project', 46.11, 50, 0.3, '2024-06-18 09:00:00'),
  (367, 124, 'Midterm Exam', 46.85, 100, 0.3, '2024-07-18 09:00:00'),
  (368, 124, 'Final Exam', 90.73, 100, 0.4, '2024-06-14 09:00:00'),
  (369, 124, 'Term Project', 41.73, 50, 0.3, '2024-06-07 09:00:00'),
  (370, 125, 'Midterm Exam', 82.36, 100, 0.3, '2024-07-25 09:00:00'),
  (371, 125, 'Final Exam', 95.12, 100, 0.4, '2024-06-18 09:00:00'),
  (372, 125, 'Term Project', 40.85, 50, 0.3, '2024-08-15 09:00:00'),
  (373, 126, 'Midterm Exam', 58.79, 100, 0.3, '2024-08-02 09:00:00'),
  (374, 126, 'Final Exam', 58.32, 100, 0.4, '2024-08-09 09:00:00'),
  (375, 126, 'Term Project', 43.73, 50, 0.3, '2024-08-14 09:00:00'),
  (376, 127, 'Midterm Exam', 70.65, 100, 0.3, '2024-07-10 09:00:00'),
  (377, 127, 'Final Exam', 75.79, 100, 0.4, '2024-06-20 09:00:00'),
  (378, 127, 'Term Project', 43.84, 50, 0.3, '2024-08-09 09:00:00'),
  (379, 128, 'Midterm Exam', 69.2, 100, 0.3, '2024-06-25 09:00:00'),
  (380, 128, 'Final Exam', 81.61, 100, 0.4, '2024-06-11 09:00:00'),
  (381, 128, 'Term Project', 49.31, 50, 0.3, '2024-08-10 09:00:00'),
  (382, 129, 'Midterm Exam', 73.29, 100, 0.3, '2024-07-01 09:00:00'),
  (383, 129, 'Final Exam', 57.33, 100, 0.4, '2024-08-09 09:00:00'),
  (384, 129, 'Term Project', 43.15, 50, 0.3, '2024-07-06 09:00:00'),
  (385, 130, 'Midterm Exam', 77.16, 100, 0.3, '2024-07-18 09:00:00'),
  (386, 130, 'Final Exam', 97.11, 100, 0.4, '2024-07-01 09:00:00'),
  (387, 130, 'Term Project', 41.37, 50, 0.3, '2024-07-14 09:00:00'),
  (388, 131, 'Midterm Exam', 97.83, 100, 0.3, '2024-06-29 09:00:00'),
  (389, 131, 'Final Exam', 79.18, 100, 0.4, '2024-07-11 09:00:00'),
  (390, 131, 'Term Project', 46.85, 50, 0.3, '2024-07-10 09:00:00'),
  (391, 132, 'Midterm Exam', 82.61, 100, 0.3, '2024-07-07 09:00:00'),
  (392, 132, 'Final Exam', 69.32, 100, 0.4, '2024-08-22 09:00:00'),
  (393, 132, 'Term Project', 45.65, 50, 0.3, '2024-08-04 09:00:00'),
  (394, 134, 'Midterm Exam', 57.53, 100, 0.3, '2024-07-28 09:00:00'),
  (395, 134, 'Final Exam', 53.49, 100, 0.4, '2024-07-27 09:00:00'),
  (396, 134, 'Term Project', 41.68, 50, 0.3, '2024-07-05 09:00:00'),
  (397, 135, 'Midterm Exam', 73.94, 100, 0.3, '2024-06-30 09:00:00'),
  (398, 135, 'Final Exam', 72.98, 100, 0.4, '2024-08-18 09:00:00'),
  (399, 135, 'Term Project', 45.73, 50, 0.3, '2024-07-29 09:00:00'),
  (400, 136, 'Midterm Exam', 86.51, 100, 0.3, '2024-07-17 09:00:00');

INSERT INTO grades (id, enrollment_id, assignment_name, score, max_score, weight, graded_at) VALUES
  (401, 136, 'Final Exam', 72.52, 100, 0.4, '2024-08-27 09:00:00'),
  (402, 136, 'Term Project', 47.6, 50, 0.3, '2024-07-07 09:00:00'),
  (403, 138, 'Midterm Exam', 72.78, 100, 0.3, '2024-07-09 09:00:00'),
  (404, 138, 'Final Exam', 46.14, 100, 0.4, '2024-06-10 09:00:00'),
  (405, 138, 'Term Project', 47.51, 50, 0.3, '2024-07-25 09:00:00'),
  (406, 139, 'Midterm Exam', 92.49, 100, 0.3, '2024-08-28 09:00:00'),
  (407, 139, 'Final Exam', 66.98, 100, 0.4, '2024-07-19 09:00:00'),
  (408, 139, 'Term Project', 48.62, 50, 0.3, '2024-08-21 09:00:00');

INSERT INTO attendance (id, student_id, course_id, session_date, status, arrival_time, departure_time, late_minutes, excused, excuse_reason, parent_notified, notified_at, marked_by, notes, created_at) VALUES
  (1, 1, 4, '2024-08-15', 'present', '08:00:00', '09:30:00', 0, FALSE, NULL, FALSE, NULL, 68, NULL, '2024-08-15 10:00:00'),
  (2, 1, 4, '2024-08-22', 'late', '08:12:00', '09:30:00', 12, FALSE, NULL, FALSE, NULL, 74, NULL, '2024-08-22 10:00:00'),
  (3, 1, 4, '2024-08-29', 'late', '08:23:00', '09:30:00', 23, FALSE, NULL, TRUE, '2024-08-29 10:15:00', 83, NULL, '2024-08-29 10:00:00'),
  (4, 1, 4, '2024-09-05', 'absent', NULL, NULL, 0, FALSE, NULL, FALSE, NULL, 88, NULL, '2024-09-05 10:00:00'),
  (5, 1, 4, '2024-09-12', 'present', '08:00:00', '09:30:00', 0, FALSE, NULL, FALSE, NULL, 69, NULL, '2024-09-12 10:00:00'),
  (6, 1, 4, '2024-09-19', 'late', '08:31:00', '09:30:00', 31, FALSE, NULL, TRUE, '2024-09-19 10:15:00', 74, NULL, '2024-09-19 10:00:00'),
  (7, 1, 4, '2024-09-26', 'late', '08:23:00', '09:30:00', 23, FALSE, NULL, TRUE, '2024-09-26 10:15:00', 83, NULL, '2024-09-26 10:00:00'),
  (8, 1, 4, '2024-10-03', 'present', '08:00:00', '09:30:00', 0, FALSE, NULL, FALSE, NULL, 99, NULL, '2024-10-03 10:00:00'),
  (9, 1, 4, '2024-10-10', 'present', '08:00:00', '09:30:00', 0, FALSE, NULL, FALSE, NULL, 81, NULL, '2024-10-10 10:00:00'),
  (10, 1, 4, '2024-10-17', 'excused', NULL, NULL, 0, TRUE, 'school sports event', FALSE, NULL, 79, NULL, '2024-10-17 10:00:00'),
  (11, 1, 3, '2024-08-15', 'present', '08:00:00', '09:30:00', 0, FALSE, NULL, FALSE, NULL, 93, NULL, '2024-08-15 10:00:00'),
  (12, 1, 3, '2024-08-22', 'excused', NULL, NULL, 0, TRUE, 'doctor appointment', FALSE, NULL, 69, NULL, '2024-08-22 10:00:00'),
  (13, 1, 3, '2024-08-29', 'excused', NULL, NULL, 0, TRUE, 'field trip permission', FALSE, NULL, 64, NULL, '2024-08-29 10:00:00'),
  (14, 1, 3, '2024-09-05', 'excused', NULL, NULL, 0, TRUE, 'family emergency', FALSE, NULL, 69, NULL, '2024-09-05 10:00:00'),
  (15, 1, 3, '2024-09-12', 'present', '08:00:00', '09:30:00', 0, FALSE, NULL, FALSE, NULL, 81, NULL, '2024-09-12 10:00:00'),
  (16, 1, 3, '2024-09-19', 'absent', NULL, NULL, 0, FALSE, NULL, FALSE, NULL, 86, NULL, '2024-09-19 10:00:00'),
  (17, 1, 3, '2024-09-26', 'present', '08:00:00', '09:30:00', 0, FALSE, NULL, FALSE, NULL, 97, NULL, '2024-09-26 10:00:00'),
  (18, 1, 3, '2024-10-03', 'present', '08:00:00', '09:30:00', 0, FALSE, NULL, FALSE, NULL, 87, NULL, '2024-10-03 10:00:00'),
  (19, 1, 3, '2024-10-10', 'present', '08:00:00', '09:30:00', 0, FALSE, NULL, FALSE, NULL, 65, NULL, '2024-10-10 10:00:00'),
  (20, 1, 3, '2024-10-17', 'present', '08:00:00', '09:30:00', 0, FALSE, NULL, FALSE, NULL, 66, NULL, '2024-10-17 10:00:00'),
  (21, 2, 2, '2024-08-15', 'present', '08:00:00', '09:30:00', 0, FALSE, NULL, FALSE, NULL, 78, NULL, '2024-08-15 10:00:00'),
  (22, 2, 2, '2024-08-22', 'present', '08:00:00', '09:30:00', 0, FALSE, NULL, FALSE, NULL, 84, NULL, '2024-08-22 10:00:00'),
  (23, 2, 2, '2024-08-29', 'present', '08:00:00', '09:30:00', 0, FALSE, NULL, FALSE, NULL, 92, NULL, '2024-08-29 10:00:00'),
  (24, 2, 2, '2024-09-05', 'present', '08:00:00', '09:30:00', 0, FALSE, NULL, FALSE, NULL, 61, NULL, '2024-09-05 10:00:00'),
  (25, 2, 2, '2024-09-12', 'absent', NULL, NULL, 0, FALSE, NULL, FALSE, NULL, 66, NULL, '2024-09-12 10:00:00'),
  (26, 2, 2, '2024-09-19', 'late', '08:19:00', '09:30:00', 19, FALSE, NULL, FALSE, NULL, 83, NULL, '2024-09-19 10:00:00'),
  (27, 2, 2, '2024-09-26', 'absent', NULL, NULL, 0, FALSE, NULL, FALSE, NULL, 86, NULL, '2024-09-26 10:00:00'),
  (28, 2, 2, '2024-10-03', 'present', '08:00:00', '09:30:00', 0, FALSE, NULL, FALSE, NULL, 88, NULL, '2024-10-03 10:00:00'),
  (29, 2, 2, '2024-10-10', 'absent', NULL, NULL, 0, FALSE, NULL, TRUE, '2024-10-10 10:30:00', 81, 'no contact from family', '2024-10-10 10:00:00'),
  (30, 2, 2, '2024-10-17', 'absent', NULL, NULL, 0, FALSE, NULL, TRUE, '2024-10-17 10:30:00', 97, 'no contact from family', '2024-10-17 10:00:00'),
  (31, 2, 1, '2024-08-15', 'present', '08:00:00', '09:30:00', 0, FALSE, NULL, FALSE, NULL, 92, NULL, '2024-08-15 10:00:00'),
  (32, 2, 1, '2024-08-22', 'late', '08:33:00', '09:30:00', 33, FALSE, NULL, TRUE, '2024-08-22 10:15:00', 64, NULL, '2024-08-22 10:00:00'),
  (33, 2, 1, '2024-08-29', 'present', '08:00:00', '09:30:00', 0, FALSE, NULL, FALSE, NULL, 90, NULL, '2024-08-29 10:00:00'),
  (34, 2, 1, '2024-09-05', 'present', '08:00:00', '09:30:00', 0, FALSE, NULL, FALSE, NULL, 71, NULL, '2024-09-05 10:00:00'),
  (35, 2, 1, '2024-09-12', 'present', '08:00:00', '09:30:00', 0, FALSE, NULL, FALSE, NULL, 61, NULL, '2024-09-12 10:00:00'),
  (36, 2, 1, '2024-09-19', 'excused', NULL, NULL, 0, TRUE, 'field trip permission', FALSE, NULL, 73, NULL, '2024-09-19 10:00:00'),
  (37, 2, 1, '2024-09-26', 'excused', NULL, NULL, 0, TRUE, 'family emergency', FALSE, NULL, 80, NULL, '2024-09-26 10:00:00'),
  (38, 2, 1, '2024-10-03', 'present', '08:00:00', '09:30:00', 0, FALSE, NULL, FALSE, NULL, 78, NULL, '2024-10-03 10:00:00'),
  (39, 2, 1, '2024-10-10', 'present', '08:00:00', '09:30:00', 0, FALSE, NULL, FALSE, NULL, 84, NULL, '2024-10-10 10:00:00'),
  (40, 2, 1, '2024-10-17', 'present', '08:00:00', '09:30:00', 0, FALSE, NULL, FALSE, NULL, 84, NULL, '2024-10-17 10:00:00'),
  (41, 3, 4, '2024-08-15', 'present', '08:00:00', '09:30:00', 0, FALSE, NULL, FALSE, NULL, 71, NULL, '2024-08-15 10:00:00'),
  (42, 3, 4, '2024-08-22', 'present', '08:00:00', '09:30:00', 0, FALSE, NULL, FALSE, NULL, 80, NULL, '2024-08-22 10:00:00'),
  (43, 3, 4, '2024-08-29', 'late', '08:29:00', '09:30:00', 29, FALSE, NULL, TRUE, '2024-08-29 10:15:00', 75, NULL, '2024-08-29 10:00:00'),
  (44, 3, 4, '2024-09-05', 'present', '08:00:00', '09:30:00', 0, FALSE, NULL, FALSE, NULL, 66, NULL, '2024-09-05 10:00:00'),
  (45, 3, 4, '2024-09-12', 'late', '08:05:00', '09:30:00', 5, FALSE, NULL, FALSE, NULL, 74, NULL, '2024-09-12 10:00:00'),
  (46, 3, 4, '2024-09-19', 'present', '08:00:00', '09:30:00', 0, FALSE, NULL, FALSE, NULL, 69, NULL, '2024-09-19 10:00:00'),
  (47, 3, 4, '2024-09-26', 'present', '08:00:00', '09:30:00', 0, FALSE, NULL, FALSE, NULL, 94, NULL, '2024-09-26 10:00:00'),
  (48, 3, 4, '2024-10-03', 'present', '08:00:00', '09:30:00', 0, FALSE, NULL, FALSE, NULL, 61, NULL, '2024-10-03 10:00:00'),
  (49, 3, 4, '2024-10-10', 'present', '08:00:00', '09:30:00', 0, FALSE, NULL, FALSE, NULL, 82, NULL, '2024-10-10 10:00:00'),
  (50, 3, 4, '2024-10-17', 'late', '08:32:00', '09:30:00', 32, FALSE, NULL, TRUE, '2024-10-17 10:15:00', 88, NULL, '2024-10-17 10:00:00'),
  (51, 3, 6, '2024-08-15', 'present', '08:00:00', '09:30:00', 0, FALSE, NULL, FALSE, NULL, 91, NULL, '2024-08-15 10:00:00'),
  (52, 3, 6, '2024-08-22', 'present', '08:00:00', '09:30:00', 0, FALSE, NULL, FALSE, NULL, 85, NULL, '2024-08-22 10:00:00'),
  (53, 3, 6, '2024-08-29', 'present', '08:00:00', '09:30:00', 0, FALSE, NULL, FALSE, NULL, 67, NULL, '2024-08-29 10:00:00'),
  (54, 3, 6, '2024-09-05', 'present', '08:00:00', '09:30:00', 0, FALSE, NULL, FALSE, NULL, 84, NULL, '2024-09-05 10:00:00'),
  (55, 3, 6, '2024-09-12', 'absent', NULL, NULL, 0, FALSE, NULL, TRUE, '2024-09-12 10:30:00', 69, 'no contact from family', '2024-09-12 10:00:00'),
  (56, 3, 6, '2024-09-19', 'present', '08:00:00', '09:30:00', 0, FALSE, NULL, FALSE, NULL, 70, NULL, '2024-09-19 10:00:00'),
  (57, 3, 6, '2024-09-26', 'present', '08:00:00', '09:30:00', 0, FALSE, NULL, FALSE, NULL, 97, NULL, '2024-09-26 10:00:00'),
  (58, 3, 6, '2024-10-03', 'present', '08:00:00', '09:30:00', 0, FALSE, NULL, FALSE, NULL, 71, NULL, '2024-10-03 10:00:00'),
  (59, 3, 6, '2024-10-10', 'present', '08:00:00', '09:30:00', 0, FALSE, NULL, FALSE, NULL, 74, NULL, '2024-10-10 10:00:00'),
  (60, 3, 6, '2024-10-17', 'present', '08:00:00', '09:30:00', 0, FALSE, NULL, FALSE, NULL, 70, NULL, '2024-10-17 10:00:00'),
  (61, 3, 2, '2024-08-15', 'absent', NULL, NULL, 0, FALSE, NULL, FALSE, NULL, 89, NULL, '2024-08-15 10:00:00'),
  (62, 3, 2, '2024-08-22', 'absent', NULL, NULL, 0, FALSE, NULL, TRUE, '2024-08-22 10:30:00', 67, 'no contact from family', '2024-08-22 10:00:00'),
  (63, 3, 2, '2024-08-29', 'present', '08:00:00', '09:30:00', 0, FALSE, NULL, FALSE, NULL, 68, NULL, '2024-08-29 10:00:00'),
  (64, 3, 2, '2024-09-05', 'present', '08:00:00', '09:30:00', 0, FALSE, NULL, FALSE, NULL, 85, NULL, '2024-09-05 10:00:00'),
  (65, 3, 2, '2024-09-12', 'present', '08:00:00', '09:30:00', 0, FALSE, NULL, FALSE, NULL, 88, NULL, '2024-09-12 10:00:00'),
  (66, 3, 2, '2024-09-19', 'present', '08:00:00', '09:30:00', 0, FALSE, NULL, FALSE, NULL, 69, NULL, '2024-09-19 10:00:00'),
  (67, 3, 2, '2024-09-26', 'present', '08:00:00', '09:30:00', 0, FALSE, NULL, FALSE, NULL, 66, NULL, '2024-09-26 10:00:00'),
  (68, 3, 2, '2024-10-03', 'present', '08:00:00', '09:30:00', 0, FALSE, NULL, FALSE, NULL, 99, NULL, '2024-10-03 10:00:00'),
  (69, 3, 2, '2024-10-10', 'present', '08:00:00', '09:30:00', 0, FALSE, NULL, FALSE, NULL, 99, NULL, '2024-10-10 10:00:00'),
  (70, 3, 2, '2024-10-17', 'present', '08:00:00', '09:30:00', 0, FALSE, NULL, FALSE, NULL, 62, NULL, '2024-10-17 10:00:00'),
  (71, 4, 2, '2024-08-15', 'absent', NULL, NULL, 0, FALSE, NULL, FALSE, NULL, 80, NULL, '2024-08-15 10:00:00'),
  (72, 4, 2, '2024-08-22', 'present', '08:00:00', '09:30:00', 0, FALSE, NULL, FALSE, NULL, 99, NULL, '2024-08-22 10:00:00'),
  (73, 4, 2, '2024-08-29', 'present', '08:00:00', '09:30:00', 0, FALSE, NULL, FALSE, NULL, 86, NULL, '2024-08-29 10:00:00'),
  (74, 4, 2, '2024-09-05', 'present', '08:00:00', '09:30:00', 0, FALSE, NULL, FALSE, NULL, 64, NULL, '2024-09-05 10:00:00'),
  (75, 4, 2, '2024-09-12', 'late', '08:30:00', '09:30:00', 30, FALSE, NULL, TRUE, '2024-09-12 10:15:00', 76, NULL, '2024-09-12 10:00:00'),
  (76, 4, 2, '2024-09-19', 'present', '08:00:00', '09:30:00', 0, FALSE, NULL, FALSE, NULL, 68, NULL, '2024-09-19 10:00:00'),
  (77, 4, 2, '2024-09-26', 'present', '08:00:00', '09:30:00', 0, FALSE, NULL, FALSE, NULL, 99, NULL, '2024-09-26 10:00:00'),
  (78, 4, 2, '2024-10-03', 'present', '08:00:00', '09:30:00', 0, FALSE, NULL, FALSE, NULL, 61, NULL, '2024-10-03 10:00:00'),
  (79, 4, 2, '2024-10-10', 'excused', NULL, NULL, 0, TRUE, 'school sports event', FALSE, NULL, 69, NULL, '2024-10-10 10:00:00'),
  (80, 4, 2, '2024-10-17', 'present', '08:00:00', '09:30:00', 0, FALSE, NULL, FALSE, NULL, 97, NULL, '2024-10-17 10:00:00'),
  (81, 4, 5, '2024-08-15', 'present', '08:00:00', '09:30:00', 0, FALSE, NULL, FALSE, NULL, 95, NULL, '2024-08-15 10:00:00'),
  (82, 4, 5, '2024-08-22', 'present', '08:00:00', '09:30:00', 0, FALSE, NULL, FALSE, NULL, 91, NULL, '2024-08-22 10:00:00'),
  (83, 4, 5, '2024-08-29', 'excused', NULL, NULL, 0, TRUE, 'doctor appointment', FALSE, NULL, 62, NULL, '2024-08-29 10:00:00'),
  (84, 4, 5, '2024-09-05', 'present', '08:00:00', '09:30:00', 0, FALSE, NULL, FALSE, NULL, 61, NULL, '2024-09-05 10:00:00'),
  (85, 4, 5, '2024-09-12', 'present', '08:00:00', '09:30:00', 0, FALSE, NULL, FALSE, NULL, 63, NULL, '2024-09-12 10:00:00'),
  (86, 4, 5, '2024-09-19', 'excused', NULL, NULL, 0, TRUE, 'field trip permission', FALSE, NULL, 93, NULL, '2024-09-19 10:00:00'),
  (87, 4, 5, '2024-09-26', 'present', '08:00:00', '09:30:00', 0, FALSE, NULL, FALSE, NULL, 93, NULL, '2024-09-26 10:00:00'),
  (88, 4, 5, '2024-10-03', 'late', '08:18:00', '09:30:00', 18, FALSE, NULL, FALSE, NULL, 86, NULL, '2024-10-03 10:00:00'),
  (89, 4, 5, '2024-10-10', 'present', '08:00:00', '09:30:00', 0, FALSE, NULL, FALSE, NULL, 95, NULL, '2024-10-10 10:00:00'),
  (90, 4, 5, '2024-10-17', 'present', '08:00:00', '09:30:00', 0, FALSE, NULL, FALSE, NULL, 70, NULL, '2024-10-17 10:00:00'),
  (91, 4, 3, '2024-08-15', 'present', '08:00:00', '09:30:00', 0, FALSE, NULL, FALSE, NULL, 80, NULL, '2024-08-15 10:00:00'),
  (92, 4, 3, '2024-08-22', 'present', '08:00:00', '09:30:00', 0, FALSE, NULL, FALSE, NULL, 74, NULL, '2024-08-22 10:00:00'),
  (93, 4, 3, '2024-08-29', 'excused', NULL, NULL, 0, TRUE, 'family emergency', FALSE, NULL, 95, NULL, '2024-08-29 10:00:00'),
  (94, 4, 3, '2024-09-05', 'present', '08:00:00', '09:30:00', 0, FALSE, NULL, FALSE, NULL, 98, NULL, '2024-09-05 10:00:00'),
  (95, 4, 3, '2024-09-12', 'present', '08:00:00', '09:30:00', 0, FALSE, NULL, FALSE, NULL, 65, NULL, '2024-09-12 10:00:00'),
  (96, 4, 3, '2024-09-19', 'present', '08:00:00', '09:30:00', 0, FALSE, NULL, FALSE, NULL, 88, NULL, '2024-09-19 10:00:00'),
  (97, 4, 3, '2024-09-26', 'late', '08:32:00', '09:30:00', 32, FALSE, NULL, TRUE, '2024-09-26 10:15:00', 76, NULL, '2024-09-26 10:00:00'),
  (98, 4, 3, '2024-10-03', 'present', '08:00:00', '09:30:00', 0, FALSE, NULL, FALSE, NULL, 66, NULL, '2024-10-03 10:00:00'),
  (99, 4, 3, '2024-10-10', 'excused', NULL, NULL, 0, TRUE, 'doctor appointment', FALSE, NULL, 90, NULL, '2024-10-10 10:00:00'),
  (100, 4, 3, '2024-10-17', 'present', '08:00:00', '09:30:00', 0, FALSE, NULL, FALSE, NULL, 64, NULL, '2024-10-17 10:00:00'),
  (101, 5, 1, '2024-08-15', 'present', '08:00:00', '09:30:00', 0, FALSE, NULL, FALSE, NULL, 72, NULL, '2024-08-15 10:00:00'),
  (102, 5, 1, '2024-08-22', 'present', '08:00:00', '09:30:00', 0, FALSE, NULL, FALSE, NULL, 69, NULL, '2024-08-22 10:00:00'),
  (103, 5, 1, '2024-08-29', 'late', '08:10:00', '09:30:00', 10, FALSE, NULL, FALSE, NULL, 92, NULL, '2024-08-29 10:00:00'),
  (104, 5, 1, '2024-09-05', 'excused', NULL, NULL, 0, TRUE, 'religious observance', FALSE, NULL, 94, NULL, '2024-09-05 10:00:00'),
  (105, 5, 1, '2024-09-12', 'late', '08:28:00', '09:30:00', 28, FALSE, NULL, TRUE, '2024-09-12 10:15:00', 77, NULL, '2024-09-12 10:00:00'),
  (106, 5, 1, '2024-09-19', 'present', '08:00:00', '09:30:00', 0, FALSE, NULL, FALSE, NULL, 69, NULL, '2024-09-19 10:00:00'),
  (107, 5, 1, '2024-09-26', 'late', '08:32:00', '09:30:00', 32, FALSE, NULL, TRUE, '2024-09-26 10:15:00', 78, NULL, '2024-09-26 10:00:00'),
  (108, 5, 1, '2024-10-03', 'late', '08:08:00', '09:30:00', 8, FALSE, NULL, FALSE, NULL, 62, NULL, '2024-10-03 10:00:00'),
  (109, 5, 1, '2024-10-10', 'present', '08:00:00', '09:30:00', 0, FALSE, NULL, FALSE, NULL, 88, NULL, '2024-10-10 10:00:00'),
  (110, 5, 1, '2024-10-17', 'present', '08:00:00', '09:30:00', 0, FALSE, NULL, FALSE, NULL, 65, NULL, '2024-10-17 10:00:00'),
  (111, 5, 6, '2024-08-15', 'present', '08:00:00', '09:30:00', 0, FALSE, NULL, FALSE, NULL, 97, NULL, '2024-08-15 10:00:00'),
  (112, 5, 6, '2024-08-22', 'present', '08:00:00', '09:30:00', 0, FALSE, NULL, FALSE, NULL, 92, NULL, '2024-08-22 10:00:00'),
  (113, 5, 6, '2024-08-29', 'present', '08:00:00', '09:30:00', 0, FALSE, NULL, FALSE, NULL, 84, NULL, '2024-08-29 10:00:00'),
  (114, 5, 6, '2024-09-05', 'present', '08:00:00', '09:30:00', 0, FALSE, NULL, FALSE, NULL, 97, NULL, '2024-09-05 10:00:00'),
  (115, 5, 6, '2024-09-12', 'present', '08:00:00', '09:30:00', 0, FALSE, NULL, FALSE, NULL, 71, NULL, '2024-09-12 10:00:00'),
  (116, 5, 6, '2024-09-19', 'present', '08:00:00', '09:30:00', 0, FALSE, NULL, FALSE, NULL, 67, NULL, '2024-09-19 10:00:00'),
  (117, 5, 6, '2024-09-26', 'absent', NULL, NULL, 0, FALSE, NULL, FALSE, NULL, 68, NULL, '2024-09-26 10:00:00'),
  (118, 5, 6, '2024-10-03', 'present', '08:00:00', '09:30:00', 0, FALSE, NULL, FALSE, NULL, 93, NULL, '2024-10-03 10:00:00'),
  (119, 5, 6, '2024-10-10', 'present', '08:00:00', '09:30:00', 0, FALSE, NULL, FALSE, NULL, 61, NULL, '2024-10-10 10:00:00'),
  (120, 5, 6, '2024-10-17', 'present', '08:00:00', '09:30:00', 0, FALSE, NULL, FALSE, NULL, 91, NULL, '2024-10-17 10:00:00'),
  (121, 6, 2, '2024-08-15', 'present', '08:00:00', '09:30:00', 0, FALSE, NULL, FALSE, NULL, 70, NULL, '2024-08-15 10:00:00'),
  (122, 6, 2, '2024-08-22', 'present', '08:00:00', '09:30:00', 0, FALSE, NULL, FALSE, NULL, 63, NULL, '2024-08-22 10:00:00'),
  (123, 6, 2, '2024-08-29', 'present', '08:00:00', '09:30:00', 0, FALSE, NULL, FALSE, NULL, 87, NULL, '2024-08-29 10:00:00'),
  (124, 6, 2, '2024-09-05', 'present', '08:00:00', '09:30:00', 0, FALSE, NULL, FALSE, NULL, 76, NULL, '2024-09-05 10:00:00'),
  (125, 6, 2, '2024-09-12', 'present', '08:00:00', '09:30:00', 0, FALSE, NULL, FALSE, NULL, 81, NULL, '2024-09-12 10:00:00'),
  (126, 6, 2, '2024-09-19', 'present', '08:00:00', '09:30:00', 0, FALSE, NULL, FALSE, NULL, 65, NULL, '2024-09-19 10:00:00'),
  (127, 6, 2, '2024-09-26', 'present', '08:00:00', '09:30:00', 0, FALSE, NULL, FALSE, NULL, 68, NULL, '2024-09-26 10:00:00'),
  (128, 6, 2, '2024-10-03', 'present', '08:00:00', '09:30:00', 0, FALSE, NULL, FALSE, NULL, 64, NULL, '2024-10-03 10:00:00'),
  (129, 6, 2, '2024-10-10', 'present', '08:00:00', '09:30:00', 0, FALSE, NULL, FALSE, NULL, 94, NULL, '2024-10-10 10:00:00'),
  (130, 6, 2, '2024-10-17', 'excused', NULL, NULL, 0, TRUE, 'field trip permission', FALSE, NULL, 65, NULL, '2024-10-17 10:00:00'),
  (131, 6, 3, '2024-08-15', 'absent', NULL, NULL, 0, FALSE, NULL, FALSE, NULL, 80, NULL, '2024-08-15 10:00:00'),
  (132, 6, 3, '2024-08-22', 'present', '08:00:00', '09:30:00', 0, FALSE, NULL, FALSE, NULL, 96, NULL, '2024-08-22 10:00:00'),
  (133, 6, 3, '2024-08-29', 'present', '08:00:00', '09:30:00', 0, FALSE, NULL, FALSE, NULL, 84, NULL, '2024-08-29 10:00:00'),
  (134, 6, 3, '2024-09-05', 'present', '08:00:00', '09:30:00', 0, FALSE, NULL, FALSE, NULL, 97, NULL, '2024-09-05 10:00:00'),
  (135, 6, 3, '2024-09-12', 'late', '08:28:00', '09:30:00', 28, FALSE, NULL, TRUE, '2024-09-12 10:15:00', 100, NULL, '2024-09-12 10:00:00'),
  (136, 6, 3, '2024-09-19', 'present', '08:00:00', '09:30:00', 0, FALSE, NULL, FALSE, NULL, 84, NULL, '2024-09-19 10:00:00'),
  (137, 6, 3, '2024-09-26', 'present', '08:00:00', '09:30:00', 0, FALSE, NULL, FALSE, NULL, 92, NULL, '2024-09-26 10:00:00'),
  (138, 6, 3, '2024-10-03', 'excused', NULL, NULL, 0, TRUE, 'family emergency', FALSE, NULL, 95, NULL, '2024-10-03 10:00:00'),
  (139, 6, 3, '2024-10-10', 'late', '08:12:00', '09:30:00', 12, FALSE, NULL, FALSE, NULL, 70, NULL, '2024-10-10 10:00:00'),
  (140, 6, 3, '2024-10-17', 'present', '08:00:00', '09:30:00', 0, FALSE, NULL, FALSE, NULL, 87, NULL, '2024-10-17 10:00:00'),
  (141, 7, 6, '2024-08-15', 'present', '08:00:00', '09:30:00', 0, FALSE, NULL, FALSE, NULL, 95, NULL, '2024-08-15 10:00:00'),
  (142, 7, 6, '2024-08-22', 'present', '08:00:00', '09:30:00', 0, FALSE, NULL, FALSE, NULL, 61, NULL, '2024-08-22 10:00:00'),
  (143, 7, 6, '2024-08-29', 'excused', NULL, NULL, 0, TRUE, 'doctor appointment', FALSE, NULL, 85, NULL, '2024-08-29 10:00:00'),
  (144, 7, 6, '2024-09-05', 'absent', NULL, NULL, 0, FALSE, NULL, FALSE, NULL, 67, NULL, '2024-09-05 10:00:00'),
  (145, 7, 6, '2024-09-12', 'present', '08:00:00', '09:30:00', 0, FALSE, NULL, FALSE, NULL, 76, NULL, '2024-09-12 10:00:00'),
  (146, 7, 6, '2024-09-19', 'present', '08:00:00', '09:30:00', 0, FALSE, NULL, FALSE, NULL, 64, NULL, '2024-09-19 10:00:00'),
  (147, 7, 6, '2024-09-26', 'excused', NULL, NULL, 0, TRUE, 'family emergency', FALSE, NULL, 78, NULL, '2024-09-26 10:00:00'),
  (148, 7, 6, '2024-10-03', 'present', '08:00:00', '09:30:00', 0, FALSE, NULL, FALSE, NULL, 75, NULL, '2024-10-03 10:00:00'),
  (149, 7, 6, '2024-10-10', 'absent', NULL, NULL, 0, FALSE, NULL, FALSE, NULL, 84, NULL, '2024-10-10 10:00:00'),
  (150, 7, 6, '2024-10-17', 'present', '08:00:00', '09:30:00', 0, FALSE, NULL, FALSE, NULL, 66, NULL, '2024-10-17 10:00:00'),
  (151, 7, 2, '2024-08-15', 'present', '08:00:00', '09:30:00', 0, FALSE, NULL, FALSE, NULL, 93, NULL, '2024-08-15 10:00:00'),
  (152, 7, 2, '2024-08-22', 'present', '08:00:00', '09:30:00', 0, FALSE, NULL, FALSE, NULL, 86, NULL, '2024-08-22 10:00:00'),
  (153, 7, 2, '2024-08-29', 'present', '08:00:00', '09:30:00', 0, FALSE, NULL, FALSE, NULL, 97, NULL, '2024-08-29 10:00:00'),
  (154, 7, 2, '2024-09-05', 'present', '08:00:00', '09:30:00', 0, FALSE, NULL, FALSE, NULL, 69, NULL, '2024-09-05 10:00:00'),
  (155, 7, 2, '2024-09-12', 'present', '08:00:00', '09:30:00', 0, FALSE, NULL, FALSE, NULL, 77, NULL, '2024-09-12 10:00:00'),
  (156, 7, 2, '2024-09-19', 'absent', NULL, NULL, 0, FALSE, NULL, FALSE, NULL, 86, NULL, '2024-09-19 10:00:00'),
  (157, 7, 2, '2024-09-26', 'late', '08:28:00', '09:30:00', 28, FALSE, NULL, TRUE, '2024-09-26 10:15:00', 81, NULL, '2024-09-26 10:00:00'),
  (158, 7, 2, '2024-10-03', 'present', '08:00:00', '09:30:00', 0, FALSE, NULL, FALSE, NULL, 78, NULL, '2024-10-03 10:00:00'),
  (159, 7, 2, '2024-10-10', 'present', '08:00:00', '09:30:00', 0, FALSE, NULL, FALSE, NULL, 73, NULL, '2024-10-10 10:00:00'),
  (160, 7, 2, '2024-10-17', 'present', '08:00:00', '09:30:00', 0, FALSE, NULL, FALSE, NULL, 98, NULL, '2024-10-17 10:00:00'),
  (161, 7, 1, '2024-08-15', 'present', '08:00:00', '09:30:00', 0, FALSE, NULL, FALSE, NULL, 67, NULL, '2024-08-15 10:00:00'),
  (162, 7, 1, '2024-08-22', 'present', '08:00:00', '09:30:00', 0, FALSE, NULL, FALSE, NULL, 90, NULL, '2024-08-22 10:00:00'),
  (163, 7, 1, '2024-08-29', 'present', '08:00:00', '09:30:00', 0, FALSE, NULL, FALSE, NULL, 68, NULL, '2024-08-29 10:00:00'),
  (164, 7, 1, '2024-09-05', 'present', '08:00:00', '09:30:00', 0, FALSE, NULL, FALSE, NULL, 74, NULL, '2024-09-05 10:00:00'),
  (165, 7, 1, '2024-09-12', 'present', '08:00:00', '09:30:00', 0, FALSE, NULL, FALSE, NULL, 90, NULL, '2024-09-12 10:00:00'),
  (166, 7, 1, '2024-09-19', 'present', '08:00:00', '09:30:00', 0, FALSE, NULL, FALSE, NULL, 68, NULL, '2024-09-19 10:00:00'),
  (167, 7, 1, '2024-09-26', 'present', '08:00:00', '09:30:00', 0, FALSE, NULL, FALSE, NULL, 80, NULL, '2024-09-26 10:00:00'),
  (168, 7, 1, '2024-10-03', 'absent', NULL, NULL, 0, FALSE, NULL, FALSE, NULL, 63, NULL, '2024-10-03 10:00:00'),
  (169, 7, 1, '2024-10-10', 'present', '08:00:00', '09:30:00', 0, FALSE, NULL, FALSE, NULL, 81, NULL, '2024-10-10 10:00:00'),
  (170, 7, 1, '2024-10-17', 'present', '08:00:00', '09:30:00', 0, FALSE, NULL, FALSE, NULL, 76, NULL, '2024-10-17 10:00:00'),
  (171, 8, 8, '2024-08-15', 'excused', NULL, NULL, 0, TRUE, 'field trip permission', FALSE, NULL, 93, NULL, '2024-08-15 10:00:00'),
  (172, 8, 8, '2024-08-22', 'present', '08:00:00', '09:30:00', 0, FALSE, NULL, FALSE, NULL, 80, NULL, '2024-08-22 10:00:00'),
  (173, 8, 8, '2024-08-29', 'present', '08:00:00', '09:30:00', 0, FALSE, NULL, FALSE, NULL, 72, NULL, '2024-08-29 10:00:00'),
  (174, 8, 8, '2024-09-05', 'present', '08:00:00', '09:30:00', 0, FALSE, NULL, FALSE, NULL, 86, NULL, '2024-09-05 10:00:00'),
  (175, 8, 8, '2024-09-12', 'absent', NULL, NULL, 0, FALSE, NULL, FALSE, NULL, 96, NULL, '2024-09-12 10:00:00'),
  (176, 8, 8, '2024-09-19', 'present', '08:00:00', '09:30:00', 0, FALSE, NULL, FALSE, NULL, 90, NULL, '2024-09-19 10:00:00'),
  (177, 8, 8, '2024-09-26', 'present', '08:00:00', '09:30:00', 0, FALSE, NULL, FALSE, NULL, 69, NULL, '2024-09-26 10:00:00'),
  (178, 8, 8, '2024-10-03', 'present', '08:00:00', '09:30:00', 0, FALSE, NULL, FALSE, NULL, 64, NULL, '2024-10-03 10:00:00'),
  (179, 8, 8, '2024-10-10', 'absent', NULL, NULL, 0, FALSE, NULL, FALSE, NULL, 69, NULL, '2024-10-10 10:00:00'),
  (180, 8, 8, '2024-10-17', 'present', '08:00:00', '09:30:00', 0, FALSE, NULL, FALSE, NULL, 86, NULL, '2024-10-17 10:00:00'),
  (181, 8, 6, '2024-08-15', 'present', '08:00:00', '09:30:00', 0, FALSE, NULL, FALSE, NULL, 66, NULL, '2024-08-15 10:00:00'),
  (182, 8, 6, '2024-08-22', 'present', '08:00:00', '09:30:00', 0, FALSE, NULL, FALSE, NULL, 77, NULL, '2024-08-22 10:00:00'),
  (183, 8, 6, '2024-08-29', 'absent', NULL, NULL, 0, FALSE, NULL, TRUE, '2024-08-29 10:30:00', 65, 'no contact from family', '2024-08-29 10:00:00'),
  (184, 8, 6, '2024-09-05', 'present', '08:00:00', '09:30:00', 0, FALSE, NULL, FALSE, NULL, 89, NULL, '2024-09-05 10:00:00'),
  (185, 8, 6, '2024-09-12', 'late', '08:07:00', '09:30:00', 7, FALSE, NULL, FALSE, NULL, 82, NULL, '2024-09-12 10:00:00'),
  (186, 8, 6, '2024-09-19', 'present', '08:00:00', '09:30:00', 0, FALSE, NULL, FALSE, NULL, 90, NULL, '2024-09-19 10:00:00'),
  (187, 8, 6, '2024-09-26', 'present', '08:00:00', '09:30:00', 0, FALSE, NULL, FALSE, NULL, 97, NULL, '2024-09-26 10:00:00'),
  (188, 8, 6, '2024-10-03', 'present', '08:00:00', '09:30:00', 0, FALSE, NULL, FALSE, NULL, 86, NULL, '2024-10-03 10:00:00'),
  (189, 8, 6, '2024-10-10', 'present', '08:00:00', '09:30:00', 0, FALSE, NULL, FALSE, NULL, 85, NULL, '2024-10-10 10:00:00'),
  (190, 8, 6, '2024-10-17', 'present', '08:00:00', '09:30:00', 0, FALSE, NULL, FALSE, NULL, 72, NULL, '2024-10-17 10:00:00'),
  (191, 9, 5, '2024-08-15', 'present', '08:00:00', '09:30:00', 0, FALSE, NULL, FALSE, NULL, 72, NULL, '2024-08-15 10:00:00'),
  (192, 9, 5, '2024-08-22', 'present', '08:00:00', '09:30:00', 0, FALSE, NULL, FALSE, NULL, 89, NULL, '2024-08-22 10:00:00'),
  (193, 9, 5, '2024-08-29', 'absent', NULL, NULL, 0, FALSE, NULL, TRUE, '2024-08-29 10:30:00', 100, 'no contact from family', '2024-08-29 10:00:00'),
  (194, 9, 5, '2024-09-05', 'present', '08:00:00', '09:30:00', 0, FALSE, NULL, FALSE, NULL, 79, NULL, '2024-09-05 10:00:00'),
  (195, 9, 5, '2024-09-12', 'present', '08:00:00', '09:30:00', 0, FALSE, NULL, FALSE, NULL, 96, NULL, '2024-09-12 10:00:00'),
  (196, 9, 5, '2024-09-19', 'present', '08:00:00', '09:30:00', 0, FALSE, NULL, FALSE, NULL, 66, NULL, '2024-09-19 10:00:00'),
  (197, 9, 5, '2024-09-26', 'present', '08:00:00', '09:30:00', 0, FALSE, NULL, FALSE, NULL, 69, NULL, '2024-09-26 10:00:00'),
  (198, 9, 5, '2024-10-03', 'present', '08:00:00', '09:30:00', 0, FALSE, NULL, FALSE, NULL, 94, NULL, '2024-10-03 10:00:00'),
  (199, 9, 5, '2024-10-10', 'present', '08:00:00', '09:30:00', 0, FALSE, NULL, FALSE, NULL, 95, NULL, '2024-10-10 10:00:00'),
  (200, 9, 5, '2024-10-17', 'late', '08:17:00', '09:30:00', 17, FALSE, NULL, FALSE, NULL, 83, NULL, '2024-10-17 10:00:00'),
  (201, 9, 2, '2024-08-15', 'present', '08:00:00', '09:30:00', 0, FALSE, NULL, FALSE, NULL, 92, NULL, '2024-08-15 10:00:00'),
  (202, 9, 2, '2024-08-22', 'present', '08:00:00', '09:30:00', 0, FALSE, NULL, FALSE, NULL, 97, NULL, '2024-08-22 10:00:00'),
  (203, 9, 2, '2024-08-29', 'present', '08:00:00', '09:30:00', 0, FALSE, NULL, FALSE, NULL, 85, NULL, '2024-08-29 10:00:00'),
  (204, 9, 2, '2024-09-05', 'present', '08:00:00', '09:30:00', 0, FALSE, NULL, FALSE, NULL, 62, NULL, '2024-09-05 10:00:00'),
  (205, 9, 2, '2024-09-12', 'present', '08:00:00', '09:30:00', 0, FALSE, NULL, FALSE, NULL, 75, NULL, '2024-09-12 10:00:00'),
  (206, 9, 2, '2024-09-19', 'present', '08:00:00', '09:30:00', 0, FALSE, NULL, FALSE, NULL, 78, NULL, '2024-09-19 10:00:00'),
  (207, 9, 2, '2024-09-26', 'present', '08:00:00', '09:30:00', 0, FALSE, NULL, FALSE, NULL, 91, NULL, '2024-09-26 10:00:00'),
  (208, 9, 2, '2024-10-03', 'present', '08:00:00', '09:30:00', 0, FALSE, NULL, FALSE, NULL, 98, NULL, '2024-10-03 10:00:00'),
  (209, 9, 2, '2024-10-10', 'excused', NULL, NULL, 0, TRUE, 'family emergency', FALSE, NULL, 67, NULL, '2024-10-10 10:00:00'),
  (210, 9, 2, '2024-10-17', 'present', '08:00:00', '09:30:00', 0, FALSE, NULL, FALSE, NULL, 76, NULL, '2024-10-17 10:00:00'),
  (211, 10, 7, '2024-08-15', 'present', '08:00:00', '09:30:00', 0, FALSE, NULL, FALSE, NULL, 64, NULL, '2024-08-15 10:00:00'),
  (212, 10, 7, '2024-08-22', 'late', '08:35:00', '09:30:00', 35, FALSE, NULL, TRUE, '2024-08-22 10:15:00', 75, NULL, '2024-08-22 10:00:00'),
  (213, 10, 7, '2024-08-29', 'present', '08:00:00', '09:30:00', 0, FALSE, NULL, FALSE, NULL, 85, NULL, '2024-08-29 10:00:00'),
  (214, 10, 7, '2024-09-05', 'present', '08:00:00', '09:30:00', 0, FALSE, NULL, FALSE, NULL, 72, NULL, '2024-09-05 10:00:00'),
  (215, 10, 7, '2024-09-12', 'present', '08:00:00', '09:30:00', 0, FALSE, NULL, FALSE, NULL, 98, NULL, '2024-09-12 10:00:00'),
  (216, 10, 7, '2024-09-19', 'present', '08:00:00', '09:30:00', 0, FALSE, NULL, FALSE, NULL, 83, NULL, '2024-09-19 10:00:00'),
  (217, 10, 7, '2024-09-26', 'absent', NULL, NULL, 0, FALSE, NULL, TRUE, '2024-09-26 10:30:00', 83, 'no contact from family', '2024-09-26 10:00:00'),
  (218, 10, 7, '2024-10-03', 'excused', NULL, NULL, 0, TRUE, 'religious observance', FALSE, NULL, 70, NULL, '2024-10-03 10:00:00'),
  (219, 10, 7, '2024-10-10', 'present', '08:00:00', '09:30:00', 0, FALSE, NULL, FALSE, NULL, 73, NULL, '2024-10-10 10:00:00'),
  (220, 10, 7, '2024-10-17', 'absent', NULL, NULL, 0, FALSE, NULL, FALSE, NULL, 92, NULL, '2024-10-17 10:00:00'),
  (221, 10, 8, '2024-08-15', 'present', '08:00:00', '09:30:00', 0, FALSE, NULL, FALSE, NULL, 72, NULL, '2024-08-15 10:00:00'),
  (222, 10, 8, '2024-08-22', 'present', '08:00:00', '09:30:00', 0, FALSE, NULL, FALSE, NULL, 66, NULL, '2024-08-22 10:00:00'),
  (223, 10, 8, '2024-08-29', 'present', '08:00:00', '09:30:00', 0, FALSE, NULL, FALSE, NULL, 99, NULL, '2024-08-29 10:00:00'),
  (224, 10, 8, '2024-09-05', 'present', '08:00:00', '09:30:00', 0, FALSE, NULL, FALSE, NULL, 94, NULL, '2024-09-05 10:00:00'),
  (225, 10, 8, '2024-09-12', 'present', '08:00:00', '09:30:00', 0, FALSE, NULL, FALSE, NULL, 82, NULL, '2024-09-12 10:00:00'),
  (226, 10, 8, '2024-09-19', 'absent', NULL, NULL, 0, FALSE, NULL, TRUE, '2024-09-19 10:30:00', 69, 'no contact from family', '2024-09-19 10:00:00'),
  (227, 10, 8, '2024-09-26', 'present', '08:00:00', '09:30:00', 0, FALSE, NULL, FALSE, NULL, 72, NULL, '2024-09-26 10:00:00'),
  (228, 10, 8, '2024-10-03', 'absent', NULL, NULL, 0, FALSE, NULL, FALSE, NULL, 81, NULL, '2024-10-03 10:00:00'),
  (229, 10, 8, '2024-10-10', 'present', '08:00:00', '09:30:00', 0, FALSE, NULL, FALSE, NULL, 70, NULL, '2024-10-10 10:00:00'),
  (230, 10, 8, '2024-10-17', 'present', '08:00:00', '09:30:00', 0, FALSE, NULL, FALSE, NULL, 70, NULL, '2024-10-17 10:00:00'),
  (231, 11, 5, '2024-08-15', 'late', '08:32:00', '09:30:00', 32, FALSE, NULL, TRUE, '2024-08-15 10:15:00', 94, NULL, '2024-08-15 10:00:00'),
  (232, 11, 5, '2024-08-22', 'absent', NULL, NULL, 0, FALSE, NULL, FALSE, NULL, 84, NULL, '2024-08-22 10:00:00'),
  (233, 11, 5, '2024-08-29', 'late', '08:26:00', '09:30:00', 26, FALSE, NULL, TRUE, '2024-08-29 10:15:00', 86, NULL, '2024-08-29 10:00:00'),
  (234, 11, 5, '2024-09-05', 'present', '08:00:00', '09:30:00', 0, FALSE, NULL, FALSE, NULL, 82, NULL, '2024-09-05 10:00:00'),
  (235, 11, 5, '2024-09-12', 'present', '08:00:00', '09:30:00', 0, FALSE, NULL, FALSE, NULL, 69, NULL, '2024-09-12 10:00:00'),
  (236, 11, 5, '2024-09-19', 'excused', NULL, NULL, 0, TRUE, 'field trip permission', FALSE, NULL, 92, NULL, '2024-09-19 10:00:00'),
  (237, 11, 5, '2024-09-26', 'present', '08:00:00', '09:30:00', 0, FALSE, NULL, FALSE, NULL, 72, NULL, '2024-09-26 10:00:00'),
  (238, 11, 5, '2024-10-03', 'late', '08:22:00', '09:30:00', 22, FALSE, NULL, TRUE, '2024-10-03 10:15:00', 100, NULL, '2024-10-03 10:00:00'),
  (239, 11, 5, '2024-10-10', 'late', '08:12:00', '09:30:00', 12, FALSE, NULL, FALSE, NULL, 98, NULL, '2024-10-10 10:00:00'),
  (240, 11, 5, '2024-10-17', 'late', '08:17:00', '09:30:00', 17, FALSE, NULL, FALSE, NULL, 80, NULL, '2024-10-17 10:00:00'),
  (241, 11, 3, '2024-08-15', 'late', '08:14:00', '09:30:00', 14, FALSE, NULL, FALSE, NULL, 69, NULL, '2024-08-15 10:00:00'),
  (242, 11, 3, '2024-08-22', 'present', '08:00:00', '09:30:00', 0, FALSE, NULL, FALSE, NULL, 61, NULL, '2024-08-22 10:00:00'),
  (243, 11, 3, '2024-08-29', 'excused', NULL, NULL, 0, TRUE, 'religious observance', FALSE, NULL, 86, NULL, '2024-08-29 10:00:00'),
  (244, 11, 3, '2024-09-05', 'absent', NULL, NULL, 0, FALSE, NULL, FALSE, NULL, 97, NULL, '2024-09-05 10:00:00'),
  (245, 11, 3, '2024-09-12', 'present', '08:00:00', '09:30:00', 0, FALSE, NULL, FALSE, NULL, 99, NULL, '2024-09-12 10:00:00'),
  (246, 11, 3, '2024-09-19', 'present', '08:00:00', '09:30:00', 0, FALSE, NULL, FALSE, NULL, 100, NULL, '2024-09-19 10:00:00'),
  (247, 11, 3, '2024-09-26', 'present', '08:00:00', '09:30:00', 0, FALSE, NULL, FALSE, NULL, 97, NULL, '2024-09-26 10:00:00'),
  (248, 11, 3, '2024-10-03', 'present', '08:00:00', '09:30:00', 0, FALSE, NULL, FALSE, NULL, 92, NULL, '2024-10-03 10:00:00'),
  (249, 11, 3, '2024-10-10', 'present', '08:00:00', '09:30:00', 0, FALSE, NULL, FALSE, NULL, 65, NULL, '2024-10-10 10:00:00'),
  (250, 11, 3, '2024-10-17', 'present', '08:00:00', '09:30:00', 0, FALSE, NULL, FALSE, NULL, 81, NULL, '2024-10-17 10:00:00');

INSERT INTO attendance (id, student_id, course_id, session_date, status, arrival_time, departure_time, late_minutes, excused, excuse_reason, parent_notified, notified_at, marked_by, notes, created_at) VALUES
  (251, 12, 2, '2024-08-15', 'present', '08:00:00', '09:30:00', 0, FALSE, NULL, FALSE, NULL, 66, NULL, '2024-08-15 10:00:00'),
  (252, 12, 2, '2024-08-22', 'absent', NULL, NULL, 0, FALSE, NULL, FALSE, NULL, 82, NULL, '2024-08-22 10:00:00'),
  (253, 12, 2, '2024-08-29', 'present', '08:00:00', '09:30:00', 0, FALSE, NULL, FALSE, NULL, 77, NULL, '2024-08-29 10:00:00'),
  (254, 12, 2, '2024-09-05', 'present', '08:00:00', '09:30:00', 0, FALSE, NULL, FALSE, NULL, 65, NULL, '2024-09-05 10:00:00'),
  (255, 12, 2, '2024-09-12', 'present', '08:00:00', '09:30:00', 0, FALSE, NULL, FALSE, NULL, 67, NULL, '2024-09-12 10:00:00'),
  (256, 12, 2, '2024-09-19', 'late', '08:06:00', '09:30:00', 6, FALSE, NULL, FALSE, NULL, 85, NULL, '2024-09-19 10:00:00'),
  (257, 12, 2, '2024-09-26', 'present', '08:00:00', '09:30:00', 0, FALSE, NULL, FALSE, NULL, 87, NULL, '2024-09-26 10:00:00'),
  (258, 12, 2, '2024-10-03', 'excused', NULL, NULL, 0, TRUE, 'field trip permission', FALSE, NULL, 92, NULL, '2024-10-03 10:00:00'),
  (259, 12, 2, '2024-10-10', 'absent', NULL, NULL, 0, FALSE, NULL, TRUE, '2024-10-10 10:30:00', 85, 'no contact from family', '2024-10-10 10:00:00'),
  (260, 12, 2, '2024-10-17', 'present', '08:00:00', '09:30:00', 0, FALSE, NULL, FALSE, NULL, 91, NULL, '2024-10-17 10:00:00'),
  (261, 12, 7, '2024-08-15', 'late', '08:23:00', '09:30:00', 23, FALSE, NULL, TRUE, '2024-08-15 10:15:00', 75, NULL, '2024-08-15 10:00:00'),
  (262, 12, 7, '2024-08-22', 'present', '08:00:00', '09:30:00', 0, FALSE, NULL, FALSE, NULL, 65, NULL, '2024-08-22 10:00:00'),
  (263, 12, 7, '2024-08-29', 'late', '08:06:00', '09:30:00', 6, FALSE, NULL, FALSE, NULL, 79, NULL, '2024-08-29 10:00:00'),
  (264, 12, 7, '2024-09-05', 'present', '08:00:00', '09:30:00', 0, FALSE, NULL, FALSE, NULL, 77, NULL, '2024-09-05 10:00:00'),
  (265, 12, 7, '2024-09-12', 'excused', NULL, NULL, 0, TRUE, 'doctor appointment', FALSE, NULL, 82, NULL, '2024-09-12 10:00:00'),
  (266, 12, 7, '2024-09-19', 'present', '08:00:00', '09:30:00', 0, FALSE, NULL, FALSE, NULL, 85, NULL, '2024-09-19 10:00:00'),
  (267, 12, 7, '2024-09-26', 'present', '08:00:00', '09:30:00', 0, FALSE, NULL, FALSE, NULL, 65, NULL, '2024-09-26 10:00:00'),
  (268, 12, 7, '2024-10-03', 'present', '08:00:00', '09:30:00', 0, FALSE, NULL, FALSE, NULL, 66, NULL, '2024-10-03 10:00:00'),
  (269, 12, 7, '2024-10-10', 'present', '08:00:00', '09:30:00', 0, FALSE, NULL, FALSE, NULL, 100, NULL, '2024-10-10 10:00:00'),
  (270, 12, 7, '2024-10-17', 'absent', NULL, NULL, 0, FALSE, NULL, FALSE, NULL, 88, NULL, '2024-10-17 10:00:00'),
  (271, 13, 3, '2024-08-15', 'excused', NULL, NULL, 0, TRUE, 'family emergency', FALSE, NULL, 99, NULL, '2024-08-15 10:00:00'),
  (272, 13, 3, '2024-08-22', 'absent', NULL, NULL, 0, FALSE, NULL, TRUE, '2024-08-22 10:30:00', 67, 'no contact from family', '2024-08-22 10:00:00'),
  (273, 13, 3, '2024-08-29', 'present', '08:00:00', '09:30:00', 0, FALSE, NULL, FALSE, NULL, 73, NULL, '2024-08-29 10:00:00'),
  (274, 13, 3, '2024-09-05', 'present', '08:00:00', '09:30:00', 0, FALSE, NULL, FALSE, NULL, 96, NULL, '2024-09-05 10:00:00'),
  (275, 13, 3, '2024-09-12', 'late', '08:28:00', '09:30:00', 28, FALSE, NULL, TRUE, '2024-09-12 10:15:00', 95, NULL, '2024-09-12 10:00:00'),
  (276, 13, 3, '2024-09-19', 'present', '08:00:00', '09:30:00', 0, FALSE, NULL, FALSE, NULL, 79, NULL, '2024-09-19 10:00:00'),
  (277, 13, 3, '2024-09-26', 'present', '08:00:00', '09:30:00', 0, FALSE, NULL, FALSE, NULL, 67, NULL, '2024-09-26 10:00:00'),
  (278, 13, 3, '2024-10-03', 'present', '08:00:00', '09:30:00', 0, FALSE, NULL, FALSE, NULL, 97, NULL, '2024-10-03 10:00:00'),
  (279, 13, 3, '2024-10-10', 'present', '08:00:00', '09:30:00', 0, FALSE, NULL, FALSE, NULL, 92, NULL, '2024-10-10 10:00:00'),
  (280, 13, 3, '2024-10-17', 'present', '08:00:00', '09:30:00', 0, FALSE, NULL, FALSE, NULL, 84, NULL, '2024-10-17 10:00:00'),
  (281, 13, 4, '2024-08-15', 'present', '08:00:00', '09:30:00', 0, FALSE, NULL, FALSE, NULL, 66, NULL, '2024-08-15 10:00:00'),
  (282, 13, 4, '2024-08-22', 'present', '08:00:00', '09:30:00', 0, FALSE, NULL, FALSE, NULL, 99, NULL, '2024-08-22 10:00:00'),
  (283, 13, 4, '2024-08-29', 'present', '08:00:00', '09:30:00', 0, FALSE, NULL, FALSE, NULL, 67, NULL, '2024-08-29 10:00:00'),
  (284, 13, 4, '2024-09-05', 'present', '08:00:00', '09:30:00', 0, FALSE, NULL, FALSE, NULL, 71, NULL, '2024-09-05 10:00:00'),
  (285, 13, 4, '2024-09-12', 'present', '08:00:00', '09:30:00', 0, FALSE, NULL, FALSE, NULL, 66, NULL, '2024-09-12 10:00:00'),
  (286, 13, 4, '2024-09-19', 'present', '08:00:00', '09:30:00', 0, FALSE, NULL, FALSE, NULL, 68, NULL, '2024-09-19 10:00:00'),
  (287, 13, 4, '2024-09-26', 'present', '08:00:00', '09:30:00', 0, FALSE, NULL, FALSE, NULL, 86, NULL, '2024-09-26 10:00:00'),
  (288, 13, 4, '2024-10-03', 'present', '08:00:00', '09:30:00', 0, FALSE, NULL, FALSE, NULL, 77, NULL, '2024-10-03 10:00:00'),
  (289, 13, 4, '2024-10-10', 'present', '08:00:00', '09:30:00', 0, FALSE, NULL, FALSE, NULL, 95, NULL, '2024-10-10 10:00:00'),
  (290, 13, 4, '2024-10-17', 'present', '08:00:00', '09:30:00', 0, FALSE, NULL, FALSE, NULL, 84, NULL, '2024-10-17 10:00:00'),
  (291, 14, 2, '2024-08-15', 'absent', NULL, NULL, 0, FALSE, NULL, TRUE, '2024-08-15 10:30:00', 89, 'no contact from family', '2024-08-15 10:00:00'),
  (292, 14, 2, '2024-08-22', 'present', '08:00:00', '09:30:00', 0, FALSE, NULL, FALSE, NULL, 89, NULL, '2024-08-22 10:00:00'),
  (293, 14, 2, '2024-08-29', 'present', '08:00:00', '09:30:00', 0, FALSE, NULL, FALSE, NULL, 75, NULL, '2024-08-29 10:00:00'),
  (294, 14, 2, '2024-09-05', 'absent', NULL, NULL, 0, FALSE, NULL, FALSE, NULL, 70, NULL, '2024-09-05 10:00:00'),
  (295, 14, 2, '2024-09-12', 'late', '08:26:00', '09:30:00', 26, FALSE, NULL, TRUE, '2024-09-12 10:15:00', 67, NULL, '2024-09-12 10:00:00'),
  (296, 14, 2, '2024-09-19', 'present', '08:00:00', '09:30:00', 0, FALSE, NULL, FALSE, NULL, 83, NULL, '2024-09-19 10:00:00'),
  (297, 14, 2, '2024-09-26', 'late', '08:18:00', '09:30:00', 18, FALSE, NULL, FALSE, NULL, 98, NULL, '2024-09-26 10:00:00'),
  (298, 14, 2, '2024-10-03', 'present', '08:00:00', '09:30:00', 0, FALSE, NULL, FALSE, NULL, 64, NULL, '2024-10-03 10:00:00'),
  (299, 14, 2, '2024-10-10', 'absent', NULL, NULL, 0, FALSE, NULL, FALSE, NULL, 87, NULL, '2024-10-10 10:00:00'),
  (300, 14, 2, '2024-10-17', 'excused', NULL, NULL, 0, TRUE, 'field trip permission', FALSE, NULL, 97, NULL, '2024-10-17 10:00:00'),
  (301, 14, 6, '2024-08-15', 'absent', NULL, NULL, 0, FALSE, NULL, TRUE, '2024-08-15 10:30:00', 66, 'no contact from family', '2024-08-15 10:00:00'),
  (302, 14, 6, '2024-08-22', 'present', '08:00:00', '09:30:00', 0, FALSE, NULL, FALSE, NULL, 63, NULL, '2024-08-22 10:00:00'),
  (303, 14, 6, '2024-08-29', 'present', '08:00:00', '09:30:00', 0, FALSE, NULL, FALSE, NULL, 94, NULL, '2024-08-29 10:00:00'),
  (304, 14, 6, '2024-09-05', 'late', '08:26:00', '09:30:00', 26, FALSE, NULL, TRUE, '2024-09-05 10:15:00', 100, NULL, '2024-09-05 10:00:00'),
  (305, 14, 6, '2024-09-12', 'present', '08:00:00', '09:30:00', 0, FALSE, NULL, FALSE, NULL, 89, NULL, '2024-09-12 10:00:00'),
  (306, 14, 6, '2024-09-19', 'present', '08:00:00', '09:30:00', 0, FALSE, NULL, FALSE, NULL, 71, NULL, '2024-09-19 10:00:00'),
  (307, 14, 6, '2024-09-26', 'excused', NULL, NULL, 0, TRUE, 'family emergency', FALSE, NULL, 69, NULL, '2024-09-26 10:00:00'),
  (308, 14, 6, '2024-10-03', 'present', '08:00:00', '09:30:00', 0, FALSE, NULL, FALSE, NULL, 66, NULL, '2024-10-03 10:00:00'),
  (309, 14, 6, '2024-10-10', 'excused', NULL, NULL, 0, TRUE, 'field trip permission', FALSE, NULL, 73, NULL, '2024-10-10 10:00:00'),
  (310, 14, 6, '2024-10-17', 'excused', NULL, NULL, 0, TRUE, 'family emergency', FALSE, NULL, 99, NULL, '2024-10-17 10:00:00'),
  (311, 15, 5, '2024-08-15', 'present', '08:00:00', '09:30:00', 0, FALSE, NULL, FALSE, NULL, 65, NULL, '2024-08-15 10:00:00'),
  (312, 15, 5, '2024-08-22', 'present', '08:00:00', '09:30:00', 0, FALSE, NULL, FALSE, NULL, 96, NULL, '2024-08-22 10:00:00'),
  (313, 15, 5, '2024-08-29', 'present', '08:00:00', '09:30:00', 0, FALSE, NULL, FALSE, NULL, 81, NULL, '2024-08-29 10:00:00'),
  (314, 15, 5, '2024-09-05', 'absent', NULL, NULL, 0, FALSE, NULL, FALSE, NULL, 61, NULL, '2024-09-05 10:00:00'),
  (315, 15, 5, '2024-09-12', 'late', '08:24:00', '09:30:00', 24, FALSE, NULL, TRUE, '2024-09-12 10:15:00', 98, NULL, '2024-09-12 10:00:00'),
  (316, 15, 5, '2024-09-19', 'present', '08:00:00', '09:30:00', 0, FALSE, NULL, FALSE, NULL, 87, NULL, '2024-09-19 10:00:00'),
  (317, 15, 5, '2024-09-26', 'present', '08:00:00', '09:30:00', 0, FALSE, NULL, FALSE, NULL, 70, NULL, '2024-09-26 10:00:00'),
  (318, 15, 5, '2024-10-03', 'present', '08:00:00', '09:30:00', 0, FALSE, NULL, FALSE, NULL, 98, NULL, '2024-10-03 10:00:00'),
  (319, 15, 5, '2024-10-10', 'present', '08:00:00', '09:30:00', 0, FALSE, NULL, FALSE, NULL, 67, NULL, '2024-10-10 10:00:00'),
  (320, 15, 5, '2024-10-17', 'excused', NULL, NULL, 0, TRUE, 'religious observance', FALSE, NULL, 67, NULL, '2024-10-17 10:00:00'),
  (321, 15, 3, '2024-08-15', 'late', '08:32:00', '09:30:00', 32, FALSE, NULL, TRUE, '2024-08-15 10:15:00', 95, NULL, '2024-08-15 10:00:00'),
  (322, 15, 3, '2024-08-22', 'absent', NULL, NULL, 0, FALSE, NULL, FALSE, NULL, 77, NULL, '2024-08-22 10:00:00'),
  (323, 15, 3, '2024-08-29', 'present', '08:00:00', '09:30:00', 0, FALSE, NULL, FALSE, NULL, 92, NULL, '2024-08-29 10:00:00'),
  (324, 15, 3, '2024-09-05', 'present', '08:00:00', '09:30:00', 0, FALSE, NULL, FALSE, NULL, 91, NULL, '2024-09-05 10:00:00'),
  (325, 15, 3, '2024-09-12', 'present', '08:00:00', '09:30:00', 0, FALSE, NULL, FALSE, NULL, 78, NULL, '2024-09-12 10:00:00'),
  (326, 15, 3, '2024-09-19', 'present', '08:00:00', '09:30:00', 0, FALSE, NULL, FALSE, NULL, 100, NULL, '2024-09-19 10:00:00'),
  (327, 15, 3, '2024-09-26', 'present', '08:00:00', '09:30:00', 0, FALSE, NULL, FALSE, NULL, 86, NULL, '2024-09-26 10:00:00'),
  (328, 15, 3, '2024-10-03', 'present', '08:00:00', '09:30:00', 0, FALSE, NULL, FALSE, NULL, 82, NULL, '2024-10-03 10:00:00'),
  (329, 15, 3, '2024-10-10', 'present', '08:00:00', '09:30:00', 0, FALSE, NULL, FALSE, NULL, 64, NULL, '2024-10-10 10:00:00'),
  (330, 15, 3, '2024-10-17', 'late', '08:34:00', '09:30:00', 34, FALSE, NULL, TRUE, '2024-10-17 10:15:00', 78, NULL, '2024-10-17 10:00:00'),
  (331, 15, 1, '2024-08-15', 'absent', NULL, NULL, 0, FALSE, NULL, TRUE, '2024-08-15 10:30:00', 80, 'no contact from family', '2024-08-15 10:00:00'),
  (332, 15, 1, '2024-08-22', 'present', '08:00:00', '09:30:00', 0, FALSE, NULL, FALSE, NULL, 92, NULL, '2024-08-22 10:00:00'),
  (333, 15, 1, '2024-08-29', 'absent', NULL, NULL, 0, FALSE, NULL, FALSE, NULL, 75, NULL, '2024-08-29 10:00:00'),
  (334, 15, 1, '2024-09-05', 'present', '08:00:00', '09:30:00', 0, FALSE, NULL, FALSE, NULL, 89, NULL, '2024-09-05 10:00:00'),
  (335, 15, 1, '2024-09-12', 'late', '08:15:00', '09:30:00', 15, FALSE, NULL, FALSE, NULL, 78, NULL, '2024-09-12 10:00:00'),
  (336, 15, 1, '2024-09-19', 'late', '08:24:00', '09:30:00', 24, FALSE, NULL, TRUE, '2024-09-19 10:15:00', 66, NULL, '2024-09-19 10:00:00'),
  (337, 15, 1, '2024-09-26', 'present', '08:00:00', '09:30:00', 0, FALSE, NULL, FALSE, NULL, 74, NULL, '2024-09-26 10:00:00'),
  (338, 15, 1, '2024-10-03', 'absent', NULL, NULL, 0, FALSE, NULL, TRUE, '2024-10-03 10:30:00', 92, 'no contact from family', '2024-10-03 10:00:00'),
  (339, 15, 1, '2024-10-10', 'late', '08:32:00', '09:30:00', 32, FALSE, NULL, TRUE, '2024-10-10 10:15:00', 84, NULL, '2024-10-10 10:00:00'),
  (340, 15, 1, '2024-10-17', 'absent', NULL, NULL, 0, FALSE, NULL, FALSE, NULL, 71, NULL, '2024-10-17 10:00:00'),
  (341, 16, 8, '2024-08-15', 'present', '08:00:00', '09:30:00', 0, FALSE, NULL, FALSE, NULL, 93, NULL, '2024-08-15 10:00:00'),
  (342, 16, 8, '2024-08-22', 'present', '08:00:00', '09:30:00', 0, FALSE, NULL, FALSE, NULL, 94, NULL, '2024-08-22 10:00:00'),
  (343, 16, 8, '2024-08-29', 'absent', NULL, NULL, 0, FALSE, NULL, TRUE, '2024-08-29 10:30:00', 73, 'no contact from family', '2024-08-29 10:00:00'),
  (344, 16, 8, '2024-09-05', 'absent', NULL, NULL, 0, FALSE, NULL, TRUE, '2024-09-05 10:30:00', 64, 'no contact from family', '2024-09-05 10:00:00'),
  (345, 16, 8, '2024-09-12', 'present', '08:00:00', '09:30:00', 0, FALSE, NULL, FALSE, NULL, 90, NULL, '2024-09-12 10:00:00'),
  (346, 16, 8, '2024-09-19', 'present', '08:00:00', '09:30:00', 0, FALSE, NULL, FALSE, NULL, 84, NULL, '2024-09-19 10:00:00'),
  (347, 16, 8, '2024-09-26', 'late', '08:13:00', '09:30:00', 13, FALSE, NULL, FALSE, NULL, 84, NULL, '2024-09-26 10:00:00'),
  (348, 16, 8, '2024-10-03', 'absent', NULL, NULL, 0, FALSE, NULL, FALSE, NULL, 68, NULL, '2024-10-03 10:00:00'),
  (349, 16, 8, '2024-10-10', 'present', '08:00:00', '09:30:00', 0, FALSE, NULL, FALSE, NULL, 76, NULL, '2024-10-10 10:00:00'),
  (350, 16, 8, '2024-10-17', 'present', '08:00:00', '09:30:00', 0, FALSE, NULL, FALSE, NULL, 99, NULL, '2024-10-17 10:00:00'),
  (351, 16, 3, '2024-08-15', 'present', '08:00:00', '09:30:00', 0, FALSE, NULL, FALSE, NULL, 91, NULL, '2024-08-15 10:00:00'),
  (352, 16, 3, '2024-08-22', 'present', '08:00:00', '09:30:00', 0, FALSE, NULL, FALSE, NULL, 83, NULL, '2024-08-22 10:00:00'),
  (353, 16, 3, '2024-08-29', 'present', '08:00:00', '09:30:00', 0, FALSE, NULL, FALSE, NULL, 77, NULL, '2024-08-29 10:00:00'),
  (354, 16, 3, '2024-09-05', 'late', '08:27:00', '09:30:00', 27, FALSE, NULL, TRUE, '2024-09-05 10:15:00', 66, NULL, '2024-09-05 10:00:00'),
  (355, 16, 3, '2024-09-12', 'present', '08:00:00', '09:30:00', 0, FALSE, NULL, FALSE, NULL, 85, NULL, '2024-09-12 10:00:00'),
  (356, 16, 3, '2024-09-19', 'present', '08:00:00', '09:30:00', 0, FALSE, NULL, FALSE, NULL, 97, NULL, '2024-09-19 10:00:00'),
  (357, 16, 3, '2024-09-26', 'late', '08:11:00', '09:30:00', 11, FALSE, NULL, FALSE, NULL, 75, NULL, '2024-09-26 10:00:00'),
  (358, 16, 3, '2024-10-03', 'present', '08:00:00', '09:30:00', 0, FALSE, NULL, FALSE, NULL, 74, NULL, '2024-10-03 10:00:00'),
  (359, 16, 3, '2024-10-10', 'present', '08:00:00', '09:30:00', 0, FALSE, NULL, FALSE, NULL, 87, NULL, '2024-10-10 10:00:00'),
  (360, 16, 3, '2024-10-17', 'present', '08:00:00', '09:30:00', 0, FALSE, NULL, FALSE, NULL, 61, NULL, '2024-10-17 10:00:00'),
  (361, 17, 1, '2024-08-15', 'present', '08:00:00', '09:30:00', 0, FALSE, NULL, FALSE, NULL, 69, NULL, '2024-08-15 10:00:00'),
  (362, 17, 1, '2024-08-22', 'present', '08:00:00', '09:30:00', 0, FALSE, NULL, FALSE, NULL, 99, NULL, '2024-08-22 10:00:00'),
  (363, 17, 1, '2024-08-29', 'late', '08:12:00', '09:30:00', 12, FALSE, NULL, FALSE, NULL, 77, NULL, '2024-08-29 10:00:00'),
  (364, 17, 1, '2024-09-05', 'present', '08:00:00', '09:30:00', 0, FALSE, NULL, FALSE, NULL, 80, NULL, '2024-09-05 10:00:00'),
  (365, 17, 1, '2024-09-12', 'late', '08:27:00', '09:30:00', 27, FALSE, NULL, TRUE, '2024-09-12 10:15:00', 78, NULL, '2024-09-12 10:00:00'),
  (366, 17, 1, '2024-09-19', 'present', '08:00:00', '09:30:00', 0, FALSE, NULL, FALSE, NULL, 85, NULL, '2024-09-19 10:00:00'),
  (367, 17, 1, '2024-09-26', 'absent', NULL, NULL, 0, FALSE, NULL, TRUE, '2024-09-26 10:30:00', 74, 'no contact from family', '2024-09-26 10:00:00'),
  (368, 17, 1, '2024-10-03', 'present', '08:00:00', '09:30:00', 0, FALSE, NULL, FALSE, NULL, 94, NULL, '2024-10-03 10:00:00'),
  (369, 17, 1, '2024-10-10', 'absent', NULL, NULL, 0, FALSE, NULL, TRUE, '2024-10-10 10:30:00', 67, 'no contact from family', '2024-10-10 10:00:00'),
  (370, 17, 1, '2024-10-17', 'present', '08:00:00', '09:30:00', 0, FALSE, NULL, FALSE, NULL, 84, NULL, '2024-10-17 10:00:00'),
  (371, 17, 8, '2024-08-15', 'present', '08:00:00', '09:30:00', 0, FALSE, NULL, FALSE, NULL, 99, NULL, '2024-08-15 10:00:00'),
  (372, 17, 8, '2024-08-22', 'present', '08:00:00', '09:30:00', 0, FALSE, NULL, FALSE, NULL, 80, NULL, '2024-08-22 10:00:00'),
  (373, 17, 8, '2024-08-29', 'present', '08:00:00', '09:30:00', 0, FALSE, NULL, FALSE, NULL, 91, NULL, '2024-08-29 10:00:00'),
  (374, 17, 8, '2024-09-05', 'present', '08:00:00', '09:30:00', 0, FALSE, NULL, FALSE, NULL, 78, NULL, '2024-09-05 10:00:00'),
  (375, 17, 8, '2024-09-12', 'present', '08:00:00', '09:30:00', 0, FALSE, NULL, FALSE, NULL, 78, NULL, '2024-09-12 10:00:00'),
  (376, 17, 8, '2024-09-19', 'present', '08:00:00', '09:30:00', 0, FALSE, NULL, FALSE, NULL, 80, NULL, '2024-09-19 10:00:00'),
  (377, 17, 8, '2024-09-26', 'present', '08:00:00', '09:30:00', 0, FALSE, NULL, FALSE, NULL, 94, NULL, '2024-09-26 10:00:00'),
  (378, 17, 8, '2024-10-03', 'late', '08:33:00', '09:30:00', 33, FALSE, NULL, TRUE, '2024-10-03 10:15:00', 64, NULL, '2024-10-03 10:00:00'),
  (379, 17, 8, '2024-10-10', 'late', '08:30:00', '09:30:00', 30, FALSE, NULL, TRUE, '2024-10-10 10:15:00', 99, NULL, '2024-10-10 10:00:00'),
  (380, 17, 8, '2024-10-17', 'present', '08:00:00', '09:30:00', 0, FALSE, NULL, FALSE, NULL, 81, NULL, '2024-10-17 10:00:00'),
  (381, 18, 1, '2024-08-15', 'present', '08:00:00', '09:30:00', 0, FALSE, NULL, FALSE, NULL, 62, NULL, '2024-08-15 10:00:00'),
  (382, 18, 1, '2024-08-22', 'present', '08:00:00', '09:30:00', 0, FALSE, NULL, FALSE, NULL, 79, NULL, '2024-08-22 10:00:00'),
  (383, 18, 1, '2024-08-29', 'present', '08:00:00', '09:30:00', 0, FALSE, NULL, FALSE, NULL, 87, NULL, '2024-08-29 10:00:00'),
  (384, 18, 1, '2024-09-05', 'present', '08:00:00', '09:30:00', 0, FALSE, NULL, FALSE, NULL, 63, NULL, '2024-09-05 10:00:00'),
  (385, 18, 1, '2024-09-12', 'present', '08:00:00', '09:30:00', 0, FALSE, NULL, FALSE, NULL, 97, NULL, '2024-09-12 10:00:00'),
  (386, 18, 1, '2024-09-19', 'late', '08:15:00', '09:30:00', 15, FALSE, NULL, FALSE, NULL, 75, NULL, '2024-09-19 10:00:00'),
  (387, 18, 1, '2024-09-26', 'present', '08:00:00', '09:30:00', 0, FALSE, NULL, FALSE, NULL, 91, NULL, '2024-09-26 10:00:00'),
  (388, 18, 1, '2024-10-03', 'absent', NULL, NULL, 0, FALSE, NULL, FALSE, NULL, 93, NULL, '2024-10-03 10:00:00'),
  (389, 18, 1, '2024-10-10', 'present', '08:00:00', '09:30:00', 0, FALSE, NULL, FALSE, NULL, 71, NULL, '2024-10-10 10:00:00'),
  (390, 18, 1, '2024-10-17', 'absent', NULL, NULL, 0, FALSE, NULL, FALSE, NULL, 72, NULL, '2024-10-17 10:00:00'),
  (391, 18, 2, '2024-08-15', 'present', '08:00:00', '09:30:00', 0, FALSE, NULL, FALSE, NULL, 91, NULL, '2024-08-15 10:00:00'),
  (392, 18, 2, '2024-08-22', 'present', '08:00:00', '09:30:00', 0, FALSE, NULL, FALSE, NULL, 77, NULL, '2024-08-22 10:00:00'),
  (393, 18, 2, '2024-08-29', 'late', '08:22:00', '09:30:00', 22, FALSE, NULL, TRUE, '2024-08-29 10:15:00', 72, NULL, '2024-08-29 10:00:00'),
  (394, 18, 2, '2024-09-05', 'excused', NULL, NULL, 0, TRUE, 'school sports event', FALSE, NULL, 66, NULL, '2024-09-05 10:00:00'),
  (395, 18, 2, '2024-09-12', 'present', '08:00:00', '09:30:00', 0, FALSE, NULL, FALSE, NULL, 75, NULL, '2024-09-12 10:00:00'),
  (396, 18, 2, '2024-09-19', 'late', '08:14:00', '09:30:00', 14, FALSE, NULL, FALSE, NULL, 87, NULL, '2024-09-19 10:00:00'),
  (397, 18, 2, '2024-09-26', 'late', '08:15:00', '09:30:00', 15, FALSE, NULL, FALSE, NULL, 84, NULL, '2024-09-26 10:00:00'),
  (398, 18, 2, '2024-10-03', 'present', '08:00:00', '09:30:00', 0, FALSE, NULL, FALSE, NULL, 79, NULL, '2024-10-03 10:00:00'),
  (399, 18, 2, '2024-10-10', 'present', '08:00:00', '09:30:00', 0, FALSE, NULL, FALSE, NULL, 68, NULL, '2024-10-10 10:00:00'),
  (400, 18, 2, '2024-10-17', 'present', '08:00:00', '09:30:00', 0, FALSE, NULL, FALSE, NULL, 98, NULL, '2024-10-17 10:00:00'),
  (401, 19, 2, '2024-08-15', 'present', '08:00:00', '09:30:00', 0, FALSE, NULL, FALSE, NULL, 100, NULL, '2024-08-15 10:00:00'),
  (402, 19, 2, '2024-08-22', 'present', '08:00:00', '09:30:00', 0, FALSE, NULL, FALSE, NULL, 73, NULL, '2024-08-22 10:00:00'),
  (403, 19, 2, '2024-08-29', 'present', '08:00:00', '09:30:00', 0, FALSE, NULL, FALSE, NULL, 85, NULL, '2024-08-29 10:00:00'),
  (404, 19, 2, '2024-09-05', 'present', '08:00:00', '09:30:00', 0, FALSE, NULL, FALSE, NULL, 87, NULL, '2024-09-05 10:00:00'),
  (405, 19, 2, '2024-09-12', 'present', '08:00:00', '09:30:00', 0, FALSE, NULL, FALSE, NULL, 70, NULL, '2024-09-12 10:00:00'),
  (406, 19, 2, '2024-09-19', 'present', '08:00:00', '09:30:00', 0, FALSE, NULL, FALSE, NULL, 73, NULL, '2024-09-19 10:00:00'),
  (407, 19, 2, '2024-09-26', 'present', '08:00:00', '09:30:00', 0, FALSE, NULL, FALSE, NULL, 97, NULL, '2024-09-26 10:00:00'),
  (408, 19, 2, '2024-10-03', 'absent', NULL, NULL, 0, FALSE, NULL, FALSE, NULL, 70, NULL, '2024-10-03 10:00:00'),
  (409, 19, 2, '2024-10-10', 'present', '08:00:00', '09:30:00', 0, FALSE, NULL, FALSE, NULL, 72, NULL, '2024-10-10 10:00:00'),
  (410, 19, 2, '2024-10-17', 'late', '08:20:00', '09:30:00', 20, FALSE, NULL, FALSE, NULL, 82, NULL, '2024-10-17 10:00:00'),
  (411, 19, 8, '2024-08-15', 'present', '08:00:00', '09:30:00', 0, FALSE, NULL, FALSE, NULL, 72, NULL, '2024-08-15 10:00:00'),
  (412, 19, 8, '2024-08-22', 'present', '08:00:00', '09:30:00', 0, FALSE, NULL, FALSE, NULL, 64, NULL, '2024-08-22 10:00:00'),
  (413, 19, 8, '2024-08-29', 'present', '08:00:00', '09:30:00', 0, FALSE, NULL, FALSE, NULL, 78, NULL, '2024-08-29 10:00:00'),
  (414, 19, 8, '2024-09-05', 'present', '08:00:00', '09:30:00', 0, FALSE, NULL, FALSE, NULL, 71, NULL, '2024-09-05 10:00:00'),
  (415, 19, 8, '2024-09-12', 'present', '08:00:00', '09:30:00', 0, FALSE, NULL, FALSE, NULL, 71, NULL, '2024-09-12 10:00:00'),
  (416, 19, 8, '2024-09-19', 'present', '08:00:00', '09:30:00', 0, FALSE, NULL, FALSE, NULL, 66, NULL, '2024-09-19 10:00:00'),
  (417, 19, 8, '2024-09-26', 'present', '08:00:00', '09:30:00', 0, FALSE, NULL, FALSE, NULL, 88, NULL, '2024-09-26 10:00:00'),
  (418, 19, 8, '2024-10-03', 'present', '08:00:00', '09:30:00', 0, FALSE, NULL, FALSE, NULL, 86, NULL, '2024-10-03 10:00:00'),
  (419, 19, 8, '2024-10-10', 'present', '08:00:00', '09:30:00', 0, FALSE, NULL, FALSE, NULL, 91, NULL, '2024-10-10 10:00:00'),
  (420, 19, 8, '2024-10-17', 'present', '08:00:00', '09:30:00', 0, FALSE, NULL, FALSE, NULL, 63, NULL, '2024-10-17 10:00:00'),
  (421, 20, 3, '2024-08-15', 'present', '08:00:00', '09:30:00', 0, FALSE, NULL, FALSE, NULL, 84, NULL, '2024-08-15 10:00:00'),
  (422, 20, 3, '2024-08-22', 'excused', NULL, NULL, 0, TRUE, 'school sports event', FALSE, NULL, 94, NULL, '2024-08-22 10:00:00'),
  (423, 20, 3, '2024-08-29', 'present', '08:00:00', '09:30:00', 0, FALSE, NULL, FALSE, NULL, 61, NULL, '2024-08-29 10:00:00'),
  (424, 20, 3, '2024-09-05', 'present', '08:00:00', '09:30:00', 0, FALSE, NULL, FALSE, NULL, 76, NULL, '2024-09-05 10:00:00'),
  (425, 20, 3, '2024-09-12', 'present', '08:00:00', '09:30:00', 0, FALSE, NULL, FALSE, NULL, 83, NULL, '2024-09-12 10:00:00'),
  (426, 20, 3, '2024-09-19', 'present', '08:00:00', '09:30:00', 0, FALSE, NULL, FALSE, NULL, 67, NULL, '2024-09-19 10:00:00'),
  (427, 20, 3, '2024-09-26', 'present', '08:00:00', '09:30:00', 0, FALSE, NULL, FALSE, NULL, 98, NULL, '2024-09-26 10:00:00'),
  (428, 20, 3, '2024-10-03', 'present', '08:00:00', '09:30:00', 0, FALSE, NULL, FALSE, NULL, 65, NULL, '2024-10-03 10:00:00'),
  (429, 20, 3, '2024-10-10', 'absent', NULL, NULL, 0, FALSE, NULL, TRUE, '2024-10-10 10:30:00', 79, 'no contact from family', '2024-10-10 10:00:00'),
  (430, 20, 3, '2024-10-17', 'present', '08:00:00', '09:30:00', 0, FALSE, NULL, FALSE, NULL, 94, NULL, '2024-10-17 10:00:00'),
  (431, 20, 6, '2024-08-15', 'present', '08:00:00', '09:30:00', 0, FALSE, NULL, FALSE, NULL, 82, NULL, '2024-08-15 10:00:00'),
  (432, 20, 6, '2024-08-22', 'present', '08:00:00', '09:30:00', 0, FALSE, NULL, FALSE, NULL, 69, NULL, '2024-08-22 10:00:00'),
  (433, 20, 6, '2024-08-29', 'present', '08:00:00', '09:30:00', 0, FALSE, NULL, FALSE, NULL, 92, NULL, '2024-08-29 10:00:00'),
  (434, 20, 6, '2024-09-05', 'present', '08:00:00', '09:30:00', 0, FALSE, NULL, FALSE, NULL, 73, NULL, '2024-09-05 10:00:00'),
  (435, 20, 6, '2024-09-12', 'present', '08:00:00', '09:30:00', 0, FALSE, NULL, FALSE, NULL, 86, NULL, '2024-09-12 10:00:00'),
  (436, 20, 6, '2024-09-19', 'present', '08:00:00', '09:30:00', 0, FALSE, NULL, FALSE, NULL, 75, NULL, '2024-09-19 10:00:00'),
  (437, 20, 6, '2024-09-26', 'late', '08:09:00', '09:30:00', 9, FALSE, NULL, FALSE, NULL, 74, NULL, '2024-09-26 10:00:00'),
  (438, 20, 6, '2024-10-03', 'late', '08:23:00', '09:30:00', 23, FALSE, NULL, TRUE, '2024-10-03 10:15:00', 93, NULL, '2024-10-03 10:00:00'),
  (439, 20, 6, '2024-10-10', 'present', '08:00:00', '09:30:00', 0, FALSE, NULL, FALSE, NULL, 84, NULL, '2024-10-10 10:00:00'),
  (440, 20, 6, '2024-10-17', 'late', '08:30:00', '09:30:00', 30, FALSE, NULL, TRUE, '2024-10-17 10:15:00', 63, NULL, '2024-10-17 10:00:00'),
  (441, 21, 3, '2024-08-15', 'present', '08:00:00', '09:30:00', 0, FALSE, NULL, FALSE, NULL, 77, NULL, '2024-08-15 10:00:00'),
  (442, 21, 3, '2024-08-22', 'late', '08:24:00', '09:30:00', 24, FALSE, NULL, TRUE, '2024-08-22 10:15:00', 64, NULL, '2024-08-22 10:00:00'),
  (443, 21, 3, '2024-08-29', 'present', '08:00:00', '09:30:00', 0, FALSE, NULL, FALSE, NULL, 64, NULL, '2024-08-29 10:00:00'),
  (444, 21, 3, '2024-09-05', 'present', '08:00:00', '09:30:00', 0, FALSE, NULL, FALSE, NULL, 62, NULL, '2024-09-05 10:00:00'),
  (445, 21, 3, '2024-09-12', 'present', '08:00:00', '09:30:00', 0, FALSE, NULL, FALSE, NULL, 68, NULL, '2024-09-12 10:00:00'),
  (446, 21, 3, '2024-09-19', 'present', '08:00:00', '09:30:00', 0, FALSE, NULL, FALSE, NULL, 85, NULL, '2024-09-19 10:00:00'),
  (447, 21, 3, '2024-09-26', 'present', '08:00:00', '09:30:00', 0, FALSE, NULL, FALSE, NULL, 77, NULL, '2024-09-26 10:00:00'),
  (448, 21, 3, '2024-10-03', 'present', '08:00:00', '09:30:00', 0, FALSE, NULL, FALSE, NULL, 70, NULL, '2024-10-03 10:00:00'),
  (449, 21, 3, '2024-10-10', 'present', '08:00:00', '09:30:00', 0, FALSE, NULL, FALSE, NULL, 61, NULL, '2024-10-10 10:00:00'),
  (450, 21, 3, '2024-10-17', 'present', '08:00:00', '09:30:00', 0, FALSE, NULL, FALSE, NULL, 67, NULL, '2024-10-17 10:00:00'),
  (451, 21, 5, '2024-08-15', 'present', '08:00:00', '09:30:00', 0, FALSE, NULL, FALSE, NULL, 78, NULL, '2024-08-15 10:00:00'),
  (452, 21, 5, '2024-08-22', 'present', '08:00:00', '09:30:00', 0, FALSE, NULL, FALSE, NULL, 69, NULL, '2024-08-22 10:00:00'),
  (453, 21, 5, '2024-08-29', 'present', '08:00:00', '09:30:00', 0, FALSE, NULL, FALSE, NULL, 67, NULL, '2024-08-29 10:00:00'),
  (454, 21, 5, '2024-09-05', 'present', '08:00:00', '09:30:00', 0, FALSE, NULL, FALSE, NULL, 100, NULL, '2024-09-05 10:00:00'),
  (455, 21, 5, '2024-09-12', 'present', '08:00:00', '09:30:00', 0, FALSE, NULL, FALSE, NULL, 68, NULL, '2024-09-12 10:00:00'),
  (456, 21, 5, '2024-09-19', 'late', '08:20:00', '09:30:00', 20, FALSE, NULL, FALSE, NULL, 73, NULL, '2024-09-19 10:00:00'),
  (457, 21, 5, '2024-09-26', 'present', '08:00:00', '09:30:00', 0, FALSE, NULL, FALSE, NULL, 77, NULL, '2024-09-26 10:00:00'),
  (458, 21, 5, '2024-10-03', 'absent', NULL, NULL, 0, FALSE, NULL, FALSE, NULL, 83, NULL, '2024-10-03 10:00:00'),
  (459, 21, 5, '2024-10-10', 'late', '08:14:00', '09:30:00', 14, FALSE, NULL, FALSE, NULL, 71, NULL, '2024-10-10 10:00:00'),
  (460, 21, 5, '2024-10-17', 'present', '08:00:00', '09:30:00', 0, FALSE, NULL, FALSE, NULL, 92, NULL, '2024-10-17 10:00:00'),
  (461, 21, 8, '2024-08-15', 'absent', NULL, NULL, 0, FALSE, NULL, FALSE, NULL, 91, NULL, '2024-08-15 10:00:00'),
  (462, 21, 8, '2024-08-22', 'present', '08:00:00', '09:30:00', 0, FALSE, NULL, FALSE, NULL, 61, NULL, '2024-08-22 10:00:00'),
  (463, 21, 8, '2024-08-29', 'present', '08:00:00', '09:30:00', 0, FALSE, NULL, FALSE, NULL, 66, NULL, '2024-08-29 10:00:00'),
  (464, 21, 8, '2024-09-05', 'absent', NULL, NULL, 0, FALSE, NULL, FALSE, NULL, 92, NULL, '2024-09-05 10:00:00'),
  (465, 21, 8, '2024-09-12', 'present', '08:00:00', '09:30:00', 0, FALSE, NULL, FALSE, NULL, 66, NULL, '2024-09-12 10:00:00'),
  (466, 21, 8, '2024-09-19', 'late', '08:07:00', '09:30:00', 7, FALSE, NULL, FALSE, NULL, 67, NULL, '2024-09-19 10:00:00'),
  (467, 21, 8, '2024-09-26', 'absent', NULL, NULL, 0, FALSE, NULL, FALSE, NULL, 90, NULL, '2024-09-26 10:00:00'),
  (468, 21, 8, '2024-10-03', 'excused', NULL, NULL, 0, TRUE, 'school sports event', FALSE, NULL, 77, NULL, '2024-10-03 10:00:00'),
  (469, 21, 8, '2024-10-10', 'present', '08:00:00', '09:30:00', 0, FALSE, NULL, FALSE, NULL, 67, NULL, '2024-10-10 10:00:00'),
  (470, 21, 8, '2024-10-17', 'late', '08:32:00', '09:30:00', 32, FALSE, NULL, TRUE, '2024-10-17 10:15:00', 63, NULL, '2024-10-17 10:00:00'),
  (471, 22, 7, '2024-08-15', 'absent', NULL, NULL, 0, FALSE, NULL, TRUE, '2024-08-15 10:30:00', 81, 'no contact from family', '2024-08-15 10:00:00'),
  (472, 22, 7, '2024-08-22', 'present', '08:00:00', '09:30:00', 0, FALSE, NULL, FALSE, NULL, 68, NULL, '2024-08-22 10:00:00'),
  (473, 22, 7, '2024-08-29', 'present', '08:00:00', '09:30:00', 0, FALSE, NULL, FALSE, NULL, 63, NULL, '2024-08-29 10:00:00'),
  (474, 22, 7, '2024-09-05', 'present', '08:00:00', '09:30:00', 0, FALSE, NULL, FALSE, NULL, 69, NULL, '2024-09-05 10:00:00'),
  (475, 22, 7, '2024-09-12', 'present', '08:00:00', '09:30:00', 0, FALSE, NULL, FALSE, NULL, 71, NULL, '2024-09-12 10:00:00'),
  (476, 22, 7, '2024-09-19', 'present', '08:00:00', '09:30:00', 0, FALSE, NULL, FALSE, NULL, 89, NULL, '2024-09-19 10:00:00'),
  (477, 22, 7, '2024-09-26', 'excused', NULL, NULL, 0, TRUE, 'school sports event', FALSE, NULL, 66, NULL, '2024-09-26 10:00:00'),
  (478, 22, 7, '2024-10-03', 'present', '08:00:00', '09:30:00', 0, FALSE, NULL, FALSE, NULL, 82, NULL, '2024-10-03 10:00:00'),
  (479, 22, 7, '2024-10-10', 'present', '08:00:00', '09:30:00', 0, FALSE, NULL, FALSE, NULL, 86, NULL, '2024-10-10 10:00:00'),
  (480, 22, 7, '2024-10-17', 'present', '08:00:00', '09:30:00', 0, FALSE, NULL, FALSE, NULL, 90, NULL, '2024-10-17 10:00:00'),
  (481, 22, 5, '2024-08-15', 'present', '08:00:00', '09:30:00', 0, FALSE, NULL, FALSE, NULL, 85, NULL, '2024-08-15 10:00:00'),
  (482, 22, 5, '2024-08-22', 'present', '08:00:00', '09:30:00', 0, FALSE, NULL, FALSE, NULL, 91, NULL, '2024-08-22 10:00:00'),
  (483, 22, 5, '2024-08-29', 'late', '08:25:00', '09:30:00', 25, FALSE, NULL, TRUE, '2024-08-29 10:15:00', 71, NULL, '2024-08-29 10:00:00'),
  (484, 22, 5, '2024-09-05', 'present', '08:00:00', '09:30:00', 0, FALSE, NULL, FALSE, NULL, 64, NULL, '2024-09-05 10:00:00'),
  (485, 22, 5, '2024-09-12', 'excused', NULL, NULL, 0, TRUE, 'family emergency', FALSE, NULL, 67, NULL, '2024-09-12 10:00:00'),
  (486, 22, 5, '2024-09-19', 'present', '08:00:00', '09:30:00', 0, FALSE, NULL, FALSE, NULL, 98, NULL, '2024-09-19 10:00:00'),
  (487, 22, 5, '2024-09-26', 'present', '08:00:00', '09:30:00', 0, FALSE, NULL, FALSE, NULL, 97, NULL, '2024-09-26 10:00:00'),
  (488, 22, 5, '2024-10-03', 'present', '08:00:00', '09:30:00', 0, FALSE, NULL, FALSE, NULL, 72, NULL, '2024-10-03 10:00:00'),
  (489, 22, 5, '2024-10-10', 'present', '08:00:00', '09:30:00', 0, FALSE, NULL, FALSE, NULL, 83, NULL, '2024-10-10 10:00:00'),
  (490, 22, 5, '2024-10-17', 'present', '08:00:00', '09:30:00', 0, FALSE, NULL, FALSE, NULL, 69, NULL, '2024-10-17 10:00:00'),
  (491, 23, 5, '2024-08-15', 'present', '08:00:00', '09:30:00', 0, FALSE, NULL, FALSE, NULL, 92, NULL, '2024-08-15 10:00:00'),
  (492, 23, 5, '2024-08-22', 'present', '08:00:00', '09:30:00', 0, FALSE, NULL, FALSE, NULL, 87, NULL, '2024-08-22 10:00:00'),
  (493, 23, 5, '2024-08-29', 'present', '08:00:00', '09:30:00', 0, FALSE, NULL, FALSE, NULL, 65, NULL, '2024-08-29 10:00:00'),
  (494, 23, 5, '2024-09-05', 'present', '08:00:00', '09:30:00', 0, FALSE, NULL, FALSE, NULL, 81, NULL, '2024-09-05 10:00:00'),
  (495, 23, 5, '2024-09-12', 'present', '08:00:00', '09:30:00', 0, FALSE, NULL, FALSE, NULL, 94, NULL, '2024-09-12 10:00:00'),
  (496, 23, 5, '2024-09-19', 'late', '08:23:00', '09:30:00', 23, FALSE, NULL, TRUE, '2024-09-19 10:15:00', 97, NULL, '2024-09-19 10:00:00'),
  (497, 23, 5, '2024-09-26', 'present', '08:00:00', '09:30:00', 0, FALSE, NULL, FALSE, NULL, 82, NULL, '2024-09-26 10:00:00'),
  (498, 23, 5, '2024-10-03', 'present', '08:00:00', '09:30:00', 0, FALSE, NULL, FALSE, NULL, 100, NULL, '2024-10-03 10:00:00'),
  (499, 23, 5, '2024-10-10', 'present', '08:00:00', '09:30:00', 0, FALSE, NULL, FALSE, NULL, 76, NULL, '2024-10-10 10:00:00'),
  (500, 23, 5, '2024-10-17', 'present', '08:00:00', '09:30:00', 0, FALSE, NULL, FALSE, NULL, 85, NULL, '2024-10-17 10:00:00');

INSERT INTO attendance (id, student_id, course_id, session_date, status, arrival_time, departure_time, late_minutes, excused, excuse_reason, parent_notified, notified_at, marked_by, notes, created_at) VALUES
  (501, 23, 6, '2024-08-15', 'present', '08:00:00', '09:30:00', 0, FALSE, NULL, FALSE, NULL, 96, NULL, '2024-08-15 10:00:00'),
  (502, 23, 6, '2024-08-22', 'absent', NULL, NULL, 0, FALSE, NULL, FALSE, NULL, 61, NULL, '2024-08-22 10:00:00'),
  (503, 23, 6, '2024-08-29', 'present', '08:00:00', '09:30:00', 0, FALSE, NULL, FALSE, NULL, 71, NULL, '2024-08-29 10:00:00'),
  (504, 23, 6, '2024-09-05', 'present', '08:00:00', '09:30:00', 0, FALSE, NULL, FALSE, NULL, 91, NULL, '2024-09-05 10:00:00'),
  (505, 23, 6, '2024-09-12', 'absent', NULL, NULL, 0, FALSE, NULL, FALSE, NULL, 65, NULL, '2024-09-12 10:00:00'),
  (506, 23, 6, '2024-09-19', 'late', '08:15:00', '09:30:00', 15, FALSE, NULL, FALSE, NULL, 76, NULL, '2024-09-19 10:00:00'),
  (507, 23, 6, '2024-09-26', 'present', '08:00:00', '09:30:00', 0, FALSE, NULL, FALSE, NULL, 78, NULL, '2024-09-26 10:00:00'),
  (508, 23, 6, '2024-10-03', 'present', '08:00:00', '09:30:00', 0, FALSE, NULL, FALSE, NULL, 75, NULL, '2024-10-03 10:00:00'),
  (509, 23, 6, '2024-10-10', 'present', '08:00:00', '09:30:00', 0, FALSE, NULL, FALSE, NULL, 85, NULL, '2024-10-10 10:00:00'),
  (510, 23, 6, '2024-10-17', 'present', '08:00:00', '09:30:00', 0, FALSE, NULL, FALSE, NULL, 76, NULL, '2024-10-17 10:00:00'),
  (511, 23, 4, '2024-08-15', 'present', '08:00:00', '09:30:00', 0, FALSE, NULL, FALSE, NULL, 89, NULL, '2024-08-15 10:00:00'),
  (512, 23, 4, '2024-08-22', 'late', '08:19:00', '09:30:00', 19, FALSE, NULL, FALSE, NULL, 66, NULL, '2024-08-22 10:00:00'),
  (513, 23, 4, '2024-08-29', 'absent', NULL, NULL, 0, FALSE, NULL, TRUE, '2024-08-29 10:30:00', 68, 'no contact from family', '2024-08-29 10:00:00'),
  (514, 23, 4, '2024-09-05', 'excused', NULL, NULL, 0, TRUE, 'doctor appointment', FALSE, NULL, 67, NULL, '2024-09-05 10:00:00'),
  (515, 23, 4, '2024-09-12', 'present', '08:00:00', '09:30:00', 0, FALSE, NULL, FALSE, NULL, 63, NULL, '2024-09-12 10:00:00'),
  (516, 23, 4, '2024-09-19', 'present', '08:00:00', '09:30:00', 0, FALSE, NULL, FALSE, NULL, 61, NULL, '2024-09-19 10:00:00'),
  (517, 23, 4, '2024-09-26', 'absent', NULL, NULL, 0, FALSE, NULL, FALSE, NULL, 100, NULL, '2024-09-26 10:00:00'),
  (518, 23, 4, '2024-10-03', 'present', '08:00:00', '09:30:00', 0, FALSE, NULL, FALSE, NULL, 93, NULL, '2024-10-03 10:00:00'),
  (519, 23, 4, '2024-10-10', 'present', '08:00:00', '09:30:00', 0, FALSE, NULL, FALSE, NULL, 90, NULL, '2024-10-10 10:00:00'),
  (520, 23, 4, '2024-10-17', 'excused', NULL, NULL, 0, TRUE, 'school sports event', FALSE, NULL, 64, NULL, '2024-10-17 10:00:00'),
  (521, 24, 2, '2024-08-15', 'late', '08:32:00', '09:30:00', 32, FALSE, NULL, TRUE, '2024-08-15 10:15:00', 90, NULL, '2024-08-15 10:00:00'),
  (522, 24, 2, '2024-08-22', 'present', '08:00:00', '09:30:00', 0, FALSE, NULL, FALSE, NULL, 100, NULL, '2024-08-22 10:00:00'),
  (523, 24, 2, '2024-08-29', 'present', '08:00:00', '09:30:00', 0, FALSE, NULL, FALSE, NULL, 84, NULL, '2024-08-29 10:00:00'),
  (524, 24, 2, '2024-09-05', 'late', '08:08:00', '09:30:00', 8, FALSE, NULL, FALSE, NULL, 67, NULL, '2024-09-05 10:00:00'),
  (525, 24, 2, '2024-09-12', 'late', '08:12:00', '09:30:00', 12, FALSE, NULL, FALSE, NULL, 61, NULL, '2024-09-12 10:00:00'),
  (526, 24, 2, '2024-09-19', 'present', '08:00:00', '09:30:00', 0, FALSE, NULL, FALSE, NULL, 79, NULL, '2024-09-19 10:00:00'),
  (527, 24, 2, '2024-09-26', 'present', '08:00:00', '09:30:00', 0, FALSE, NULL, FALSE, NULL, 84, NULL, '2024-09-26 10:00:00'),
  (528, 24, 2, '2024-10-03', 'late', '08:06:00', '09:30:00', 6, FALSE, NULL, FALSE, NULL, 71, NULL, '2024-10-03 10:00:00'),
  (529, 24, 2, '2024-10-10', 'present', '08:00:00', '09:30:00', 0, FALSE, NULL, FALSE, NULL, 87, NULL, '2024-10-10 10:00:00'),
  (530, 24, 2, '2024-10-17', 'present', '08:00:00', '09:30:00', 0, FALSE, NULL, FALSE, NULL, 100, NULL, '2024-10-17 10:00:00'),
  (531, 24, 7, '2024-08-15', 'present', '08:00:00', '09:30:00', 0, FALSE, NULL, FALSE, NULL, 68, NULL, '2024-08-15 10:00:00'),
  (532, 24, 7, '2024-08-22', 'excused', NULL, NULL, 0, TRUE, 'field trip permission', FALSE, NULL, 74, NULL, '2024-08-22 10:00:00'),
  (533, 24, 7, '2024-08-29', 'present', '08:00:00', '09:30:00', 0, FALSE, NULL, FALSE, NULL, 73, NULL, '2024-08-29 10:00:00'),
  (534, 24, 7, '2024-09-05', 'late', '08:08:00', '09:30:00', 8, FALSE, NULL, FALSE, NULL, 87, NULL, '2024-09-05 10:00:00'),
  (535, 24, 7, '2024-09-12', 'present', '08:00:00', '09:30:00', 0, FALSE, NULL, FALSE, NULL, 98, NULL, '2024-09-12 10:00:00'),
  (536, 24, 7, '2024-09-19', 'present', '08:00:00', '09:30:00', 0, FALSE, NULL, FALSE, NULL, 89, NULL, '2024-09-19 10:00:00'),
  (537, 24, 7, '2024-09-26', 'present', '08:00:00', '09:30:00', 0, FALSE, NULL, FALSE, NULL, 98, NULL, '2024-09-26 10:00:00'),
  (538, 24, 7, '2024-10-03', 'excused', NULL, NULL, 0, TRUE, 'family emergency', FALSE, NULL, 92, NULL, '2024-10-03 10:00:00'),
  (539, 24, 7, '2024-10-10', 'present', '08:00:00', '09:30:00', 0, FALSE, NULL, FALSE, NULL, 64, NULL, '2024-10-10 10:00:00'),
  (540, 24, 7, '2024-10-17', 'present', '08:00:00', '09:30:00', 0, FALSE, NULL, FALSE, NULL, 88, NULL, '2024-10-17 10:00:00'),
  (541, 25, 5, '2024-08-15', 'absent', NULL, NULL, 0, FALSE, NULL, TRUE, '2024-08-15 10:30:00', 93, 'no contact from family', '2024-08-15 10:00:00'),
  (542, 25, 5, '2024-08-22', 'late', '08:34:00', '09:30:00', 34, FALSE, NULL, TRUE, '2024-08-22 10:15:00', 72, NULL, '2024-08-22 10:00:00'),
  (543, 25, 5, '2024-08-29', 'present', '08:00:00', '09:30:00', 0, FALSE, NULL, FALSE, NULL, 72, NULL, '2024-08-29 10:00:00'),
  (544, 25, 5, '2024-09-05', 'late', '08:09:00', '09:30:00', 9, FALSE, NULL, FALSE, NULL, 67, NULL, '2024-09-05 10:00:00'),
  (545, 25, 5, '2024-09-12', 'present', '08:00:00', '09:30:00', 0, FALSE, NULL, FALSE, NULL, 99, NULL, '2024-09-12 10:00:00'),
  (546, 25, 5, '2024-09-19', 'present', '08:00:00', '09:30:00', 0, FALSE, NULL, FALSE, NULL, 81, NULL, '2024-09-19 10:00:00'),
  (547, 25, 5, '2024-09-26', 'present', '08:00:00', '09:30:00', 0, FALSE, NULL, FALSE, NULL, 85, NULL, '2024-09-26 10:00:00'),
  (548, 25, 5, '2024-10-03', 'present', '08:00:00', '09:30:00', 0, FALSE, NULL, FALSE, NULL, 99, NULL, '2024-10-03 10:00:00'),
  (549, 25, 5, '2024-10-10', 'absent', NULL, NULL, 0, FALSE, NULL, FALSE, NULL, 78, NULL, '2024-10-10 10:00:00'),
  (550, 25, 5, '2024-10-17', 'present', '08:00:00', '09:30:00', 0, FALSE, NULL, FALSE, NULL, 82, NULL, '2024-10-17 10:00:00'),
  (551, 25, 3, '2024-08-15', 'excused', NULL, NULL, 0, TRUE, 'field trip permission', FALSE, NULL, 69, NULL, '2024-08-15 10:00:00'),
  (552, 25, 3, '2024-08-22', 'present', '08:00:00', '09:30:00', 0, FALSE, NULL, FALSE, NULL, 99, NULL, '2024-08-22 10:00:00'),
  (553, 25, 3, '2024-08-29', 'late', '08:28:00', '09:30:00', 28, FALSE, NULL, TRUE, '2024-08-29 10:15:00', 93, NULL, '2024-08-29 10:00:00'),
  (554, 25, 3, '2024-09-05', 'present', '08:00:00', '09:30:00', 0, FALSE, NULL, FALSE, NULL, 96, NULL, '2024-09-05 10:00:00'),
  (555, 25, 3, '2024-09-12', 'absent', NULL, NULL, 0, FALSE, NULL, FALSE, NULL, 96, NULL, '2024-09-12 10:00:00'),
  (556, 25, 3, '2024-09-19', 'present', '08:00:00', '09:30:00', 0, FALSE, NULL, FALSE, NULL, 73, NULL, '2024-09-19 10:00:00'),
  (557, 25, 3, '2024-09-26', 'present', '08:00:00', '09:30:00', 0, FALSE, NULL, FALSE, NULL, 79, NULL, '2024-09-26 10:00:00'),
  (558, 25, 3, '2024-10-03', 'present', '08:00:00', '09:30:00', 0, FALSE, NULL, FALSE, NULL, 69, NULL, '2024-10-03 10:00:00'),
  (559, 25, 3, '2024-10-10', 'excused', NULL, NULL, 0, TRUE, 'family emergency', FALSE, NULL, 93, NULL, '2024-10-10 10:00:00'),
  (560, 25, 3, '2024-10-17', 'present', '08:00:00', '09:30:00', 0, FALSE, NULL, FALSE, NULL, 81, NULL, '2024-10-17 10:00:00'),
  (561, 26, 3, '2024-08-15', 'late', '08:29:00', '09:30:00', 29, FALSE, NULL, TRUE, '2024-08-15 10:15:00', 83, NULL, '2024-08-15 10:00:00'),
  (562, 26, 3, '2024-08-22', 'present', '08:00:00', '09:30:00', 0, FALSE, NULL, FALSE, NULL, 98, NULL, '2024-08-22 10:00:00'),
  (563, 26, 3, '2024-08-29', 'present', '08:00:00', '09:30:00', 0, FALSE, NULL, FALSE, NULL, 87, NULL, '2024-08-29 10:00:00'),
  (564, 26, 3, '2024-09-05', 'present', '08:00:00', '09:30:00', 0, FALSE, NULL, FALSE, NULL, 95, NULL, '2024-09-05 10:00:00'),
  (565, 26, 3, '2024-09-12', 'present', '08:00:00', '09:30:00', 0, FALSE, NULL, FALSE, NULL, 88, NULL, '2024-09-12 10:00:00'),
  (566, 26, 3, '2024-09-19', 'late', '08:21:00', '09:30:00', 21, FALSE, NULL, TRUE, '2024-09-19 10:15:00', 67, NULL, '2024-09-19 10:00:00'),
  (567, 26, 3, '2024-09-26', 'present', '08:00:00', '09:30:00', 0, FALSE, NULL, FALSE, NULL, 70, NULL, '2024-09-26 10:00:00'),
  (568, 26, 3, '2024-10-03', 'present', '08:00:00', '09:30:00', 0, FALSE, NULL, FALSE, NULL, 64, NULL, '2024-10-03 10:00:00'),
  (569, 26, 3, '2024-10-10', 'present', '08:00:00', '09:30:00', 0, FALSE, NULL, FALSE, NULL, 71, NULL, '2024-10-10 10:00:00'),
  (570, 26, 3, '2024-10-17', 'excused', NULL, NULL, 0, TRUE, 'school sports event', FALSE, NULL, 70, NULL, '2024-10-17 10:00:00'),
  (571, 26, 7, '2024-08-15', 'absent', NULL, NULL, 0, FALSE, NULL, FALSE, NULL, 79, NULL, '2024-08-15 10:00:00'),
  (572, 26, 7, '2024-08-22', 'present', '08:00:00', '09:30:00', 0, FALSE, NULL, FALSE, NULL, 95, NULL, '2024-08-22 10:00:00'),
  (573, 26, 7, '2024-08-29', 'present', '08:00:00', '09:30:00', 0, FALSE, NULL, FALSE, NULL, 89, NULL, '2024-08-29 10:00:00'),
  (574, 26, 7, '2024-09-05', 'present', '08:00:00', '09:30:00', 0, FALSE, NULL, FALSE, NULL, 96, NULL, '2024-09-05 10:00:00'),
  (575, 26, 7, '2024-09-12', 'absent', NULL, NULL, 0, FALSE, NULL, FALSE, NULL, 96, NULL, '2024-09-12 10:00:00'),
  (576, 26, 7, '2024-09-19', 'present', '08:00:00', '09:30:00', 0, FALSE, NULL, FALSE, NULL, 93, NULL, '2024-09-19 10:00:00'),
  (577, 26, 7, '2024-09-26', 'late', '08:30:00', '09:30:00', 30, FALSE, NULL, TRUE, '2024-09-26 10:15:00', 79, NULL, '2024-09-26 10:00:00'),
  (578, 26, 7, '2024-10-03', 'present', '08:00:00', '09:30:00', 0, FALSE, NULL, FALSE, NULL, 64, NULL, '2024-10-03 10:00:00'),
  (579, 26, 7, '2024-10-10', 'excused', NULL, NULL, 0, TRUE, 'field trip permission', FALSE, NULL, 87, NULL, '2024-10-10 10:00:00'),
  (580, 26, 7, '2024-10-17', 'excused', NULL, NULL, 0, TRUE, 'school sports event', FALSE, NULL, 96, NULL, '2024-10-17 10:00:00'),
  (581, 26, 8, '2024-08-15', 'present', '08:00:00', '09:30:00', 0, FALSE, NULL, FALSE, NULL, 77, NULL, '2024-08-15 10:00:00'),
  (582, 26, 8, '2024-08-22', 'present', '08:00:00', '09:30:00', 0, FALSE, NULL, FALSE, NULL, 89, NULL, '2024-08-22 10:00:00'),
  (583, 26, 8, '2024-08-29', 'absent', NULL, NULL, 0, FALSE, NULL, FALSE, NULL, 84, NULL, '2024-08-29 10:00:00'),
  (584, 26, 8, '2024-09-05', 'late', '08:22:00', '09:30:00', 22, FALSE, NULL, TRUE, '2024-09-05 10:15:00', 99, NULL, '2024-09-05 10:00:00'),
  (585, 26, 8, '2024-09-12', 'present', '08:00:00', '09:30:00', 0, FALSE, NULL, FALSE, NULL, 73, NULL, '2024-09-12 10:00:00'),
  (586, 26, 8, '2024-09-19', 'present', '08:00:00', '09:30:00', 0, FALSE, NULL, FALSE, NULL, 72, NULL, '2024-09-19 10:00:00'),
  (587, 26, 8, '2024-09-26', 'excused', NULL, NULL, 0, TRUE, 'doctor appointment', FALSE, NULL, 72, NULL, '2024-09-26 10:00:00'),
  (588, 26, 8, '2024-10-03', 'excused', NULL, NULL, 0, TRUE, 'religious observance', FALSE, NULL, 68, NULL, '2024-10-03 10:00:00'),
  (589, 26, 8, '2024-10-10', 'present', '08:00:00', '09:30:00', 0, FALSE, NULL, FALSE, NULL, 88, NULL, '2024-10-10 10:00:00'),
  (590, 26, 8, '2024-10-17', 'present', '08:00:00', '09:30:00', 0, FALSE, NULL, FALSE, NULL, 77, NULL, '2024-10-17 10:00:00'),
  (591, 27, 6, '2024-08-15', 'present', '08:00:00', '09:30:00', 0, FALSE, NULL, FALSE, NULL, 98, NULL, '2024-08-15 10:00:00'),
  (592, 27, 6, '2024-08-22', 'absent', NULL, NULL, 0, FALSE, NULL, TRUE, '2024-08-22 10:30:00', 90, 'no contact from family', '2024-08-22 10:00:00'),
  (593, 27, 6, '2024-08-29', 'late', '08:09:00', '09:30:00', 9, FALSE, NULL, FALSE, NULL, 63, NULL, '2024-08-29 10:00:00'),
  (594, 27, 6, '2024-09-05', 'present', '08:00:00', '09:30:00', 0, FALSE, NULL, FALSE, NULL, 81, NULL, '2024-09-05 10:00:00'),
  (595, 27, 6, '2024-09-12', 'present', '08:00:00', '09:30:00', 0, FALSE, NULL, FALSE, NULL, 100, NULL, '2024-09-12 10:00:00'),
  (596, 27, 6, '2024-09-19', 'absent', NULL, NULL, 0, FALSE, NULL, TRUE, '2024-09-19 10:30:00', 97, 'no contact from family', '2024-09-19 10:00:00'),
  (597, 27, 6, '2024-09-26', 'present', '08:00:00', '09:30:00', 0, FALSE, NULL, FALSE, NULL, 65, NULL, '2024-09-26 10:00:00'),
  (598, 27, 6, '2024-10-03', 'late', '08:15:00', '09:30:00', 15, FALSE, NULL, FALSE, NULL, 94, NULL, '2024-10-03 10:00:00'),
  (599, 27, 6, '2024-10-10', 'present', '08:00:00', '09:30:00', 0, FALSE, NULL, FALSE, NULL, 72, NULL, '2024-10-10 10:00:00'),
  (600, 27, 6, '2024-10-17', 'present', '08:00:00', '09:30:00', 0, FALSE, NULL, FALSE, NULL, 93, NULL, '2024-10-17 10:00:00'),
  (601, 27, 5, '2024-08-15', 'present', '08:00:00', '09:30:00', 0, FALSE, NULL, FALSE, NULL, 95, NULL, '2024-08-15 10:00:00'),
  (602, 27, 5, '2024-08-22', 'present', '08:00:00', '09:30:00', 0, FALSE, NULL, FALSE, NULL, 66, NULL, '2024-08-22 10:00:00'),
  (603, 27, 5, '2024-08-29', 'present', '08:00:00', '09:30:00', 0, FALSE, NULL, FALSE, NULL, 74, NULL, '2024-08-29 10:00:00'),
  (604, 27, 5, '2024-09-05', 'present', '08:00:00', '09:30:00', 0, FALSE, NULL, FALSE, NULL, 82, NULL, '2024-09-05 10:00:00'),
  (605, 27, 5, '2024-09-12', 'present', '08:00:00', '09:30:00', 0, FALSE, NULL, FALSE, NULL, 74, NULL, '2024-09-12 10:00:00'),
  (606, 27, 5, '2024-09-19', 'excused', NULL, NULL, 0, TRUE, 'religious observance', FALSE, NULL, 94, NULL, '2024-09-19 10:00:00'),
  (607, 27, 5, '2024-09-26', 'present', '08:00:00', '09:30:00', 0, FALSE, NULL, FALSE, NULL, 96, NULL, '2024-09-26 10:00:00'),
  (608, 27, 5, '2024-10-03', 'absent', NULL, NULL, 0, FALSE, NULL, FALSE, NULL, 61, NULL, '2024-10-03 10:00:00'),
  (609, 27, 5, '2024-10-10', 'present', '08:00:00', '09:30:00', 0, FALSE, NULL, FALSE, NULL, 83, NULL, '2024-10-10 10:00:00'),
  (610, 27, 5, '2024-10-17', 'present', '08:00:00', '09:30:00', 0, FALSE, NULL, FALSE, NULL, 100, NULL, '2024-10-17 10:00:00'),
  (611, 28, 2, '2024-08-15', 'absent', NULL, NULL, 0, FALSE, NULL, TRUE, '2024-08-15 10:30:00', 63, 'no contact from family', '2024-08-15 10:00:00'),
  (612, 28, 2, '2024-08-22', 'present', '08:00:00', '09:30:00', 0, FALSE, NULL, FALSE, NULL, 81, NULL, '2024-08-22 10:00:00'),
  (613, 28, 2, '2024-08-29', 'present', '08:00:00', '09:30:00', 0, FALSE, NULL, FALSE, NULL, 68, NULL, '2024-08-29 10:00:00'),
  (614, 28, 2, '2024-09-05', 'present', '08:00:00', '09:30:00', 0, FALSE, NULL, FALSE, NULL, 95, NULL, '2024-09-05 10:00:00'),
  (615, 28, 2, '2024-09-12', 'late', '08:05:00', '09:30:00', 5, FALSE, NULL, FALSE, NULL, 94, NULL, '2024-09-12 10:00:00'),
  (616, 28, 2, '2024-09-19', 'absent', NULL, NULL, 0, FALSE, NULL, TRUE, '2024-09-19 10:30:00', 93, 'no contact from family', '2024-09-19 10:00:00'),
  (617, 28, 2, '2024-09-26', 'present', '08:00:00', '09:30:00', 0, FALSE, NULL, FALSE, NULL, 63, NULL, '2024-09-26 10:00:00'),
  (618, 28, 2, '2024-10-03', 'present', '08:00:00', '09:30:00', 0, FALSE, NULL, FALSE, NULL, 73, NULL, '2024-10-03 10:00:00'),
  (619, 28, 2, '2024-10-10', 'present', '08:00:00', '09:30:00', 0, FALSE, NULL, FALSE, NULL, 66, NULL, '2024-10-10 10:00:00'),
  (620, 28, 2, '2024-10-17', 'excused', NULL, NULL, 0, TRUE, 'family emergency', FALSE, NULL, 95, NULL, '2024-10-17 10:00:00'),
  (621, 28, 1, '2024-08-15', 'present', '08:00:00', '09:30:00', 0, FALSE, NULL, FALSE, NULL, 65, NULL, '2024-08-15 10:00:00'),
  (622, 28, 1, '2024-08-22', 'present', '08:00:00', '09:30:00', 0, FALSE, NULL, FALSE, NULL, 74, NULL, '2024-08-22 10:00:00'),
  (623, 28, 1, '2024-08-29', 'absent', NULL, NULL, 0, FALSE, NULL, TRUE, '2024-08-29 10:30:00', 67, 'no contact from family', '2024-08-29 10:00:00'),
  (624, 28, 1, '2024-09-05', 'present', '08:00:00', '09:30:00', 0, FALSE, NULL, FALSE, NULL, 88, NULL, '2024-09-05 10:00:00'),
  (625, 28, 1, '2024-09-12', 'present', '08:00:00', '09:30:00', 0, FALSE, NULL, FALSE, NULL, 65, NULL, '2024-09-12 10:00:00'),
  (626, 28, 1, '2024-09-19', 'late', '08:09:00', '09:30:00', 9, FALSE, NULL, FALSE, NULL, 62, NULL, '2024-09-19 10:00:00'),
  (627, 28, 1, '2024-09-26', 'present', '08:00:00', '09:30:00', 0, FALSE, NULL, FALSE, NULL, 82, NULL, '2024-09-26 10:00:00'),
  (628, 28, 1, '2024-10-03', 'present', '08:00:00', '09:30:00', 0, FALSE, NULL, FALSE, NULL, 65, NULL, '2024-10-03 10:00:00'),
  (629, 28, 1, '2024-10-10', 'present', '08:00:00', '09:30:00', 0, FALSE, NULL, FALSE, NULL, 77, NULL, '2024-10-10 10:00:00'),
  (630, 28, 1, '2024-10-17', 'present', '08:00:00', '09:30:00', 0, FALSE, NULL, FALSE, NULL, 97, NULL, '2024-10-17 10:00:00'),
  (631, 29, 7, '2024-08-15', 'absent', NULL, NULL, 0, FALSE, NULL, FALSE, NULL, 87, NULL, '2024-08-15 10:00:00'),
  (632, 29, 7, '2024-08-22', 'present', '08:00:00', '09:30:00', 0, FALSE, NULL, FALSE, NULL, 86, NULL, '2024-08-22 10:00:00'),
  (633, 29, 7, '2024-08-29', 'present', '08:00:00', '09:30:00', 0, FALSE, NULL, FALSE, NULL, 62, NULL, '2024-08-29 10:00:00'),
  (634, 29, 7, '2024-09-05', 'present', '08:00:00', '09:30:00', 0, FALSE, NULL, FALSE, NULL, 68, NULL, '2024-09-05 10:00:00'),
  (635, 29, 7, '2024-09-12', 'present', '08:00:00', '09:30:00', 0, FALSE, NULL, FALSE, NULL, 100, NULL, '2024-09-12 10:00:00'),
  (636, 29, 7, '2024-09-19', 'present', '08:00:00', '09:30:00', 0, FALSE, NULL, FALSE, NULL, 98, NULL, '2024-09-19 10:00:00'),
  (637, 29, 7, '2024-09-26', 'present', '08:00:00', '09:30:00', 0, FALSE, NULL, FALSE, NULL, 65, NULL, '2024-09-26 10:00:00'),
  (638, 29, 7, '2024-10-03', 'present', '08:00:00', '09:30:00', 0, FALSE, NULL, FALSE, NULL, 93, NULL, '2024-10-03 10:00:00'),
  (639, 29, 7, '2024-10-10', 'present', '08:00:00', '09:30:00', 0, FALSE, NULL, FALSE, NULL, 80, NULL, '2024-10-10 10:00:00'),
  (640, 29, 7, '2024-10-17', 'present', '08:00:00', '09:30:00', 0, FALSE, NULL, FALSE, NULL, 79, NULL, '2024-10-17 10:00:00'),
  (641, 29, 8, '2024-08-15', 'late', '08:19:00', '09:30:00', 19, FALSE, NULL, FALSE, NULL, 85, NULL, '2024-08-15 10:00:00'),
  (642, 29, 8, '2024-08-22', 'present', '08:00:00', '09:30:00', 0, FALSE, NULL, FALSE, NULL, 62, NULL, '2024-08-22 10:00:00'),
  (643, 29, 8, '2024-08-29', 'present', '08:00:00', '09:30:00', 0, FALSE, NULL, FALSE, NULL, 95, NULL, '2024-08-29 10:00:00'),
  (644, 29, 8, '2024-09-05', 'present', '08:00:00', '09:30:00', 0, FALSE, NULL, FALSE, NULL, 86, NULL, '2024-09-05 10:00:00'),
  (645, 29, 8, '2024-09-12', 'late', '08:32:00', '09:30:00', 32, FALSE, NULL, TRUE, '2024-09-12 10:15:00', 95, NULL, '2024-09-12 10:00:00'),
  (646, 29, 8, '2024-09-19', 'present', '08:00:00', '09:30:00', 0, FALSE, NULL, FALSE, NULL, 70, NULL, '2024-09-19 10:00:00'),
  (647, 29, 8, '2024-09-26', 'present', '08:00:00', '09:30:00', 0, FALSE, NULL, FALSE, NULL, 84, NULL, '2024-09-26 10:00:00'),
  (648, 29, 8, '2024-10-03', 'excused', NULL, NULL, 0, TRUE, 'doctor appointment', FALSE, NULL, 96, NULL, '2024-10-03 10:00:00'),
  (649, 29, 8, '2024-10-10', 'absent', NULL, NULL, 0, FALSE, NULL, TRUE, '2024-10-10 10:30:00', 63, 'no contact from family', '2024-10-10 10:00:00'),
  (650, 29, 8, '2024-10-17', 'present', '08:00:00', '09:30:00', 0, FALSE, NULL, FALSE, NULL, 99, NULL, '2024-10-17 10:00:00'),
  (651, 30, 8, '2024-08-15', 'present', '08:00:00', '09:30:00', 0, FALSE, NULL, FALSE, NULL, 96, NULL, '2024-08-15 10:00:00'),
  (652, 30, 8, '2024-08-22', 'excused', NULL, NULL, 0, TRUE, 'school sports event', FALSE, NULL, 74, NULL, '2024-08-22 10:00:00'),
  (653, 30, 8, '2024-08-29', 'late', '08:33:00', '09:30:00', 33, FALSE, NULL, TRUE, '2024-08-29 10:15:00', 83, NULL, '2024-08-29 10:00:00'),
  (654, 30, 8, '2024-09-05', 'present', '08:00:00', '09:30:00', 0, FALSE, NULL, FALSE, NULL, 93, NULL, '2024-09-05 10:00:00'),
  (655, 30, 8, '2024-09-12', 'present', '08:00:00', '09:30:00', 0, FALSE, NULL, FALSE, NULL, 72, NULL, '2024-09-12 10:00:00'),
  (656, 30, 8, '2024-09-19', 'present', '08:00:00', '09:30:00', 0, FALSE, NULL, FALSE, NULL, 77, NULL, '2024-09-19 10:00:00'),
  (657, 30, 8, '2024-09-26', 'present', '08:00:00', '09:30:00', 0, FALSE, NULL, FALSE, NULL, 72, NULL, '2024-09-26 10:00:00'),
  (658, 30, 8, '2024-10-03', 'present', '08:00:00', '09:30:00', 0, FALSE, NULL, FALSE, NULL, 97, NULL, '2024-10-03 10:00:00'),
  (659, 30, 8, '2024-10-10', 'absent', NULL, NULL, 0, FALSE, NULL, FALSE, NULL, 96, NULL, '2024-10-10 10:00:00'),
  (660, 30, 8, '2024-10-17', 'present', '08:00:00', '09:30:00', 0, FALSE, NULL, FALSE, NULL, 96, NULL, '2024-10-17 10:00:00'),
  (661, 30, 4, '2024-08-15', 'present', '08:00:00', '09:30:00', 0, FALSE, NULL, FALSE, NULL, 65, NULL, '2024-08-15 10:00:00'),
  (662, 30, 4, '2024-08-22', 'present', '08:00:00', '09:30:00', 0, FALSE, NULL, FALSE, NULL, 73, NULL, '2024-08-22 10:00:00'),
  (663, 30, 4, '2024-08-29', 'late', '08:20:00', '09:30:00', 20, FALSE, NULL, FALSE, NULL, 82, NULL, '2024-08-29 10:00:00'),
  (664, 30, 4, '2024-09-05', 'present', '08:00:00', '09:30:00', 0, FALSE, NULL, FALSE, NULL, 76, NULL, '2024-09-05 10:00:00'),
  (665, 30, 4, '2024-09-12', 'present', '08:00:00', '09:30:00', 0, FALSE, NULL, FALSE, NULL, 100, NULL, '2024-09-12 10:00:00'),
  (666, 30, 4, '2024-09-19', 'present', '08:00:00', '09:30:00', 0, FALSE, NULL, FALSE, NULL, 73, NULL, '2024-09-19 10:00:00'),
  (667, 30, 4, '2024-09-26', 'present', '08:00:00', '09:30:00', 0, FALSE, NULL, FALSE, NULL, 89, NULL, '2024-09-26 10:00:00'),
  (668, 30, 4, '2024-10-03', 'present', '08:00:00', '09:30:00', 0, FALSE, NULL, FALSE, NULL, 80, NULL, '2024-10-03 10:00:00'),
  (669, 30, 4, '2024-10-10', 'present', '08:00:00', '09:30:00', 0, FALSE, NULL, FALSE, NULL, 70, NULL, '2024-10-10 10:00:00'),
  (670, 30, 4, '2024-10-17', 'present', '08:00:00', '09:30:00', 0, FALSE, NULL, FALSE, NULL, 84, NULL, '2024-10-17 10:00:00'),
  (671, 31, 3, '2024-08-15', 'late', '08:35:00', '09:30:00', 35, FALSE, NULL, TRUE, '2024-08-15 10:15:00', 88, NULL, '2024-08-15 10:00:00'),
  (672, 31, 3, '2024-08-22', 'present', '08:00:00', '09:30:00', 0, FALSE, NULL, FALSE, NULL, 81, NULL, '2024-08-22 10:00:00'),
  (673, 31, 3, '2024-08-29', 'present', '08:00:00', '09:30:00', 0, FALSE, NULL, FALSE, NULL, 75, NULL, '2024-08-29 10:00:00'),
  (674, 31, 3, '2024-09-05', 'late', '08:25:00', '09:30:00', 25, FALSE, NULL, TRUE, '2024-09-05 10:15:00', 88, NULL, '2024-09-05 10:00:00'),
  (675, 31, 3, '2024-09-12', 'present', '08:00:00', '09:30:00', 0, FALSE, NULL, FALSE, NULL, 84, NULL, '2024-09-12 10:00:00'),
  (676, 31, 3, '2024-09-19', 'present', '08:00:00', '09:30:00', 0, FALSE, NULL, FALSE, NULL, 82, NULL, '2024-09-19 10:00:00'),
  (677, 31, 3, '2024-09-26', 'absent', NULL, NULL, 0, FALSE, NULL, TRUE, '2024-09-26 10:30:00', 83, 'no contact from family', '2024-09-26 10:00:00'),
  (678, 31, 3, '2024-10-03', 'late', '08:20:00', '09:30:00', 20, FALSE, NULL, FALSE, NULL, 96, NULL, '2024-10-03 10:00:00'),
  (679, 31, 3, '2024-10-10', 'present', '08:00:00', '09:30:00', 0, FALSE, NULL, FALSE, NULL, 99, NULL, '2024-10-10 10:00:00'),
  (680, 31, 3, '2024-10-17', 'present', '08:00:00', '09:30:00', 0, FALSE, NULL, FALSE, NULL, 78, NULL, '2024-10-17 10:00:00'),
  (681, 31, 7, '2024-08-15', 'absent', NULL, NULL, 0, FALSE, NULL, TRUE, '2024-08-15 10:30:00', 95, 'no contact from family', '2024-08-15 10:00:00'),
  (682, 31, 7, '2024-08-22', 'present', '08:00:00', '09:30:00', 0, FALSE, NULL, FALSE, NULL, 65, NULL, '2024-08-22 10:00:00'),
  (683, 31, 7, '2024-08-29', 'late', '08:33:00', '09:30:00', 33, FALSE, NULL, TRUE, '2024-08-29 10:15:00', 62, NULL, '2024-08-29 10:00:00'),
  (684, 31, 7, '2024-09-05', 'absent', NULL, NULL, 0, FALSE, NULL, FALSE, NULL, 98, NULL, '2024-09-05 10:00:00'),
  (685, 31, 7, '2024-09-12', 'present', '08:00:00', '09:30:00', 0, FALSE, NULL, FALSE, NULL, 98, NULL, '2024-09-12 10:00:00'),
  (686, 31, 7, '2024-09-19', 'present', '08:00:00', '09:30:00', 0, FALSE, NULL, FALSE, NULL, 63, NULL, '2024-09-19 10:00:00'),
  (687, 31, 7, '2024-09-26', 'present', '08:00:00', '09:30:00', 0, FALSE, NULL, FALSE, NULL, 95, NULL, '2024-09-26 10:00:00'),
  (688, 31, 7, '2024-10-03', 'absent', NULL, NULL, 0, FALSE, NULL, FALSE, NULL, 70, NULL, '2024-10-03 10:00:00'),
  (689, 31, 7, '2024-10-10', 'present', '08:00:00', '09:30:00', 0, FALSE, NULL, FALSE, NULL, 75, NULL, '2024-10-10 10:00:00'),
  (690, 31, 7, '2024-10-17', 'absent', NULL, NULL, 0, FALSE, NULL, FALSE, NULL, 79, NULL, '2024-10-17 10:00:00'),
  (691, 31, 2, '2024-08-15', 'present', '08:00:00', '09:30:00', 0, FALSE, NULL, FALSE, NULL, 93, NULL, '2024-08-15 10:00:00'),
  (692, 31, 2, '2024-08-22', 'present', '08:00:00', '09:30:00', 0, FALSE, NULL, FALSE, NULL, 86, NULL, '2024-08-22 10:00:00'),
  (693, 31, 2, '2024-08-29', 'present', '08:00:00', '09:30:00', 0, FALSE, NULL, FALSE, NULL, 61, NULL, '2024-08-29 10:00:00'),
  (694, 31, 2, '2024-09-05', 'present', '08:00:00', '09:30:00', 0, FALSE, NULL, FALSE, NULL, 100, NULL, '2024-09-05 10:00:00'),
  (695, 31, 2, '2024-09-12', 'present', '08:00:00', '09:30:00', 0, FALSE, NULL, FALSE, NULL, 93, NULL, '2024-09-12 10:00:00'),
  (696, 31, 2, '2024-09-19', 'present', '08:00:00', '09:30:00', 0, FALSE, NULL, FALSE, NULL, 71, NULL, '2024-09-19 10:00:00'),
  (697, 31, 2, '2024-09-26', 'present', '08:00:00', '09:30:00', 0, FALSE, NULL, FALSE, NULL, 97, NULL, '2024-09-26 10:00:00'),
  (698, 31, 2, '2024-10-03', 'present', '08:00:00', '09:30:00', 0, FALSE, NULL, FALSE, NULL, 70, NULL, '2024-10-03 10:00:00'),
  (699, 31, 2, '2024-10-10', 'late', '08:20:00', '09:30:00', 20, FALSE, NULL, FALSE, NULL, 83, NULL, '2024-10-10 10:00:00'),
  (700, 31, 2, '2024-10-17', 'present', '08:00:00', '09:30:00', 0, FALSE, NULL, FALSE, NULL, 92, NULL, '2024-10-17 10:00:00'),
  (701, 32, 6, '2024-08-15', 'present', '08:00:00', '09:30:00', 0, FALSE, NULL, FALSE, NULL, 77, NULL, '2024-08-15 10:00:00'),
  (702, 32, 6, '2024-08-22', 'present', '08:00:00', '09:30:00', 0, FALSE, NULL, FALSE, NULL, 63, NULL, '2024-08-22 10:00:00'),
  (703, 32, 6, '2024-08-29', 'present', '08:00:00', '09:30:00', 0, FALSE, NULL, FALSE, NULL, 94, NULL, '2024-08-29 10:00:00'),
  (704, 32, 6, '2024-09-05', 'absent', NULL, NULL, 0, FALSE, NULL, TRUE, '2024-09-05 10:30:00', 91, 'no contact from family', '2024-09-05 10:00:00'),
  (705, 32, 6, '2024-09-12', 'absent', NULL, NULL, 0, FALSE, NULL, FALSE, NULL, 63, NULL, '2024-09-12 10:00:00'),
  (706, 32, 6, '2024-09-19', 'excused', NULL, NULL, 0, TRUE, 'school sports event', FALSE, NULL, 67, NULL, '2024-09-19 10:00:00'),
  (707, 32, 6, '2024-09-26', 'late', '08:21:00', '09:30:00', 21, FALSE, NULL, TRUE, '2024-09-26 10:15:00', 78, NULL, '2024-09-26 10:00:00'),
  (708, 32, 6, '2024-10-03', 'absent', NULL, NULL, 0, FALSE, NULL, TRUE, '2024-10-03 10:30:00', 95, 'no contact from family', '2024-10-03 10:00:00'),
  (709, 32, 6, '2024-10-10', 'present', '08:00:00', '09:30:00', 0, FALSE, NULL, FALSE, NULL, 85, NULL, '2024-10-10 10:00:00'),
  (710, 32, 6, '2024-10-17', 'present', '08:00:00', '09:30:00', 0, FALSE, NULL, FALSE, NULL, 84, NULL, '2024-10-17 10:00:00'),
  (711, 32, 8, '2024-08-15', 'present', '08:00:00', '09:30:00', 0, FALSE, NULL, FALSE, NULL, 65, NULL, '2024-08-15 10:00:00'),
  (712, 32, 8, '2024-08-22', 'present', '08:00:00', '09:30:00', 0, FALSE, NULL, FALSE, NULL, 85, NULL, '2024-08-22 10:00:00'),
  (713, 32, 8, '2024-08-29', 'excused', NULL, NULL, 0, TRUE, 'family emergency', FALSE, NULL, 94, NULL, '2024-08-29 10:00:00'),
  (714, 32, 8, '2024-09-05', 'present', '08:00:00', '09:30:00', 0, FALSE, NULL, FALSE, NULL, 83, NULL, '2024-09-05 10:00:00'),
  (715, 32, 8, '2024-09-12', 'present', '08:00:00', '09:30:00', 0, FALSE, NULL, FALSE, NULL, 91, NULL, '2024-09-12 10:00:00'),
  (716, 32, 8, '2024-09-19', 'absent', NULL, NULL, 0, FALSE, NULL, TRUE, '2024-09-19 10:30:00', 69, 'no contact from family', '2024-09-19 10:00:00'),
  (717, 32, 8, '2024-09-26', 'present', '08:00:00', '09:30:00', 0, FALSE, NULL, FALSE, NULL, 75, NULL, '2024-09-26 10:00:00'),
  (718, 32, 8, '2024-10-03', 'present', '08:00:00', '09:30:00', 0, FALSE, NULL, FALSE, NULL, 78, NULL, '2024-10-03 10:00:00'),
  (719, 32, 8, '2024-10-10', 'present', '08:00:00', '09:30:00', 0, FALSE, NULL, FALSE, NULL, 72, NULL, '2024-10-10 10:00:00'),
  (720, 32, 8, '2024-10-17', 'present', '08:00:00', '09:30:00', 0, FALSE, NULL, FALSE, NULL, 99, NULL, '2024-10-17 10:00:00'),
  (721, 33, 4, '2024-08-15', 'late', '08:08:00', '09:30:00', 8, FALSE, NULL, FALSE, NULL, 75, NULL, '2024-08-15 10:00:00'),
  (722, 33, 4, '2024-08-22', 'present', '08:00:00', '09:30:00', 0, FALSE, NULL, FALSE, NULL, 82, NULL, '2024-08-22 10:00:00'),
  (723, 33, 4, '2024-08-29', 'late', '08:20:00', '09:30:00', 20, FALSE, NULL, FALSE, NULL, 91, NULL, '2024-08-29 10:00:00'),
  (724, 33, 4, '2024-09-05', 'present', '08:00:00', '09:30:00', 0, FALSE, NULL, FALSE, NULL, 98, NULL, '2024-09-05 10:00:00'),
  (725, 33, 4, '2024-09-12', 'present', '08:00:00', '09:30:00', 0, FALSE, NULL, FALSE, NULL, 87, NULL, '2024-09-12 10:00:00'),
  (726, 33, 4, '2024-09-19', 'present', '08:00:00', '09:30:00', 0, FALSE, NULL, FALSE, NULL, 63, NULL, '2024-09-19 10:00:00'),
  (727, 33, 4, '2024-09-26', 'present', '08:00:00', '09:30:00', 0, FALSE, NULL, FALSE, NULL, 98, NULL, '2024-09-26 10:00:00'),
  (728, 33, 4, '2024-10-03', 'present', '08:00:00', '09:30:00', 0, FALSE, NULL, FALSE, NULL, 93, NULL, '2024-10-03 10:00:00'),
  (729, 33, 4, '2024-10-10', 'present', '08:00:00', '09:30:00', 0, FALSE, NULL, FALSE, NULL, 97, NULL, '2024-10-10 10:00:00'),
  (730, 33, 4, '2024-10-17', 'present', '08:00:00', '09:30:00', 0, FALSE, NULL, FALSE, NULL, 71, NULL, '2024-10-17 10:00:00'),
  (731, 33, 6, '2024-08-15', 'present', '08:00:00', '09:30:00', 0, FALSE, NULL, FALSE, NULL, 72, NULL, '2024-08-15 10:00:00'),
  (732, 33, 6, '2024-08-22', 'present', '08:00:00', '09:30:00', 0, FALSE, NULL, FALSE, NULL, 86, NULL, '2024-08-22 10:00:00'),
  (733, 33, 6, '2024-08-29', 'present', '08:00:00', '09:30:00', 0, FALSE, NULL, FALSE, NULL, 97, NULL, '2024-08-29 10:00:00'),
  (734, 33, 6, '2024-09-05', 'present', '08:00:00', '09:30:00', 0, FALSE, NULL, FALSE, NULL, 79, NULL, '2024-09-05 10:00:00'),
  (735, 33, 6, '2024-09-12', 'excused', NULL, NULL, 0, TRUE, 'family emergency', FALSE, NULL, 89, NULL, '2024-09-12 10:00:00'),
  (736, 33, 6, '2024-09-19', 'present', '08:00:00', '09:30:00', 0, FALSE, NULL, FALSE, NULL, 91, NULL, '2024-09-19 10:00:00'),
  (737, 33, 6, '2024-09-26', 'absent', NULL, NULL, 0, FALSE, NULL, TRUE, '2024-09-26 10:30:00', 87, 'no contact from family', '2024-09-26 10:00:00'),
  (738, 33, 6, '2024-10-03', 'present', '08:00:00', '09:30:00', 0, FALSE, NULL, FALSE, NULL, 98, NULL, '2024-10-03 10:00:00'),
  (739, 33, 6, '2024-10-10', 'absent', NULL, NULL, 0, FALSE, NULL, TRUE, '2024-10-10 10:30:00', 93, 'no contact from family', '2024-10-10 10:00:00'),
  (740, 33, 6, '2024-10-17', 'present', '08:00:00', '09:30:00', 0, FALSE, NULL, FALSE, NULL, 82, NULL, '2024-10-17 10:00:00'),
  (741, 34, 2, '2024-08-15', 'excused', NULL, NULL, 0, TRUE, 'religious observance', FALSE, NULL, 98, NULL, '2024-08-15 10:00:00'),
  (742, 34, 2, '2024-08-22', 'present', '08:00:00', '09:30:00', 0, FALSE, NULL, FALSE, NULL, 85, NULL, '2024-08-22 10:00:00'),
  (743, 34, 2, '2024-08-29', 'present', '08:00:00', '09:30:00', 0, FALSE, NULL, FALSE, NULL, 67, NULL, '2024-08-29 10:00:00'),
  (744, 34, 2, '2024-09-05', 'present', '08:00:00', '09:30:00', 0, FALSE, NULL, FALSE, NULL, 94, NULL, '2024-09-05 10:00:00'),
  (745, 34, 2, '2024-09-12', 'absent', NULL, NULL, 0, FALSE, NULL, FALSE, NULL, 87, NULL, '2024-09-12 10:00:00'),
  (746, 34, 2, '2024-09-19', 'absent', NULL, NULL, 0, FALSE, NULL, FALSE, NULL, 72, NULL, '2024-09-19 10:00:00'),
  (747, 34, 2, '2024-09-26', 'present', '08:00:00', '09:30:00', 0, FALSE, NULL, FALSE, NULL, 100, NULL, '2024-09-26 10:00:00'),
  (748, 34, 2, '2024-10-03', 'present', '08:00:00', '09:30:00', 0, FALSE, NULL, FALSE, NULL, 95, NULL, '2024-10-03 10:00:00'),
  (749, 34, 2, '2024-10-10', 'present', '08:00:00', '09:30:00', 0, FALSE, NULL, FALSE, NULL, 68, NULL, '2024-10-10 10:00:00'),
  (750, 34, 2, '2024-10-17', 'present', '08:00:00', '09:30:00', 0, FALSE, NULL, FALSE, NULL, 69, NULL, '2024-10-17 10:00:00');

INSERT INTO attendance (id, student_id, course_id, session_date, status, arrival_time, departure_time, late_minutes, excused, excuse_reason, parent_notified, notified_at, marked_by, notes, created_at) VALUES
  (751, 34, 5, '2024-08-15', 'absent', NULL, NULL, 0, FALSE, NULL, FALSE, NULL, 61, NULL, '2024-08-15 10:00:00'),
  (752, 34, 5, '2024-08-22', 'absent', NULL, NULL, 0, FALSE, NULL, FALSE, NULL, 88, NULL, '2024-08-22 10:00:00'),
  (753, 34, 5, '2024-08-29', 'present', '08:00:00', '09:30:00', 0, FALSE, NULL, FALSE, NULL, 84, NULL, '2024-08-29 10:00:00'),
  (754, 34, 5, '2024-09-05', 'absent', NULL, NULL, 0, FALSE, NULL, FALSE, NULL, 88, NULL, '2024-09-05 10:00:00'),
  (755, 34, 5, '2024-09-12', 'present', '08:00:00', '09:30:00', 0, FALSE, NULL, FALSE, NULL, 91, NULL, '2024-09-12 10:00:00'),
  (756, 34, 5, '2024-09-19', 'late', '08:17:00', '09:30:00', 17, FALSE, NULL, FALSE, NULL, 83, NULL, '2024-09-19 10:00:00'),
  (757, 34, 5, '2024-09-26', 'present', '08:00:00', '09:30:00', 0, FALSE, NULL, FALSE, NULL, 97, NULL, '2024-09-26 10:00:00'),
  (758, 34, 5, '2024-10-03', 'present', '08:00:00', '09:30:00', 0, FALSE, NULL, FALSE, NULL, 69, NULL, '2024-10-03 10:00:00'),
  (759, 34, 5, '2024-10-10', 'present', '08:00:00', '09:30:00', 0, FALSE, NULL, FALSE, NULL, 75, NULL, '2024-10-10 10:00:00'),
  (760, 34, 5, '2024-10-17', 'absent', NULL, NULL, 0, FALSE, NULL, TRUE, '2024-10-17 10:30:00', 99, 'no contact from family', '2024-10-17 10:00:00'),
  (761, 34, 6, '2024-08-15', 'absent', NULL, NULL, 0, FALSE, NULL, TRUE, '2024-08-15 10:30:00', 73, 'no contact from family', '2024-08-15 10:00:00'),
  (762, 34, 6, '2024-08-22', 'present', '08:00:00', '09:30:00', 0, FALSE, NULL, FALSE, NULL, 61, NULL, '2024-08-22 10:00:00'),
  (763, 34, 6, '2024-08-29', 'present', '08:00:00', '09:30:00', 0, FALSE, NULL, FALSE, NULL, 68, NULL, '2024-08-29 10:00:00'),
  (764, 34, 6, '2024-09-05', 'present', '08:00:00', '09:30:00', 0, FALSE, NULL, FALSE, NULL, 85, NULL, '2024-09-05 10:00:00'),
  (765, 34, 6, '2024-09-12', 'present', '08:00:00', '09:30:00', 0, FALSE, NULL, FALSE, NULL, 81, NULL, '2024-09-12 10:00:00'),
  (766, 34, 6, '2024-09-19', 'present', '08:00:00', '09:30:00', 0, FALSE, NULL, FALSE, NULL, 67, NULL, '2024-09-19 10:00:00'),
  (767, 34, 6, '2024-09-26', 'present', '08:00:00', '09:30:00', 0, FALSE, NULL, FALSE, NULL, 98, NULL, '2024-09-26 10:00:00'),
  (768, 34, 6, '2024-10-03', 'present', '08:00:00', '09:30:00', 0, FALSE, NULL, FALSE, NULL, 95, NULL, '2024-10-03 10:00:00'),
  (769, 34, 6, '2024-10-10', 'present', '08:00:00', '09:30:00', 0, FALSE, NULL, FALSE, NULL, 84, NULL, '2024-10-10 10:00:00'),
  (770, 34, 6, '2024-10-17', 'present', '08:00:00', '09:30:00', 0, FALSE, NULL, FALSE, NULL, 86, NULL, '2024-10-17 10:00:00'),
  (771, 35, 1, '2024-08-15', 'late', '08:18:00', '09:30:00', 18, FALSE, NULL, FALSE, NULL, 96, NULL, '2024-08-15 10:00:00'),
  (772, 35, 1, '2024-08-22', 'late', '08:20:00', '09:30:00', 20, FALSE, NULL, FALSE, NULL, 72, NULL, '2024-08-22 10:00:00'),
  (773, 35, 1, '2024-08-29', 'present', '08:00:00', '09:30:00', 0, FALSE, NULL, FALSE, NULL, 96, NULL, '2024-08-29 10:00:00'),
  (774, 35, 1, '2024-09-05', 'present', '08:00:00', '09:30:00', 0, FALSE, NULL, FALSE, NULL, 80, NULL, '2024-09-05 10:00:00'),
  (775, 35, 1, '2024-09-12', 'present', '08:00:00', '09:30:00', 0, FALSE, NULL, FALSE, NULL, 86, NULL, '2024-09-12 10:00:00'),
  (776, 35, 1, '2024-09-19', 'late', '08:32:00', '09:30:00', 32, FALSE, NULL, TRUE, '2024-09-19 10:15:00', 68, NULL, '2024-09-19 10:00:00'),
  (777, 35, 1, '2024-09-26', 'late', '08:19:00', '09:30:00', 19, FALSE, NULL, FALSE, NULL, 71, NULL, '2024-09-26 10:00:00'),
  (778, 35, 1, '2024-10-03', 'present', '08:00:00', '09:30:00', 0, FALSE, NULL, FALSE, NULL, 93, NULL, '2024-10-03 10:00:00'),
  (779, 35, 1, '2024-10-10', 'present', '08:00:00', '09:30:00', 0, FALSE, NULL, FALSE, NULL, 82, NULL, '2024-10-10 10:00:00'),
  (780, 35, 1, '2024-10-17', 'late', '08:24:00', '09:30:00', 24, FALSE, NULL, TRUE, '2024-10-17 10:15:00', 64, NULL, '2024-10-17 10:00:00'),
  (781, 35, 7, '2024-08-15', 'present', '08:00:00', '09:30:00', 0, FALSE, NULL, FALSE, NULL, 61, NULL, '2024-08-15 10:00:00'),
  (782, 35, 7, '2024-08-22', 'late', '08:31:00', '09:30:00', 31, FALSE, NULL, TRUE, '2024-08-22 10:15:00', 70, NULL, '2024-08-22 10:00:00'),
  (783, 35, 7, '2024-08-29', 'present', '08:00:00', '09:30:00', 0, FALSE, NULL, FALSE, NULL, 99, NULL, '2024-08-29 10:00:00'),
  (784, 35, 7, '2024-09-05', 'present', '08:00:00', '09:30:00', 0, FALSE, NULL, FALSE, NULL, 65, NULL, '2024-09-05 10:00:00'),
  (785, 35, 7, '2024-09-12', 'present', '08:00:00', '09:30:00', 0, FALSE, NULL, FALSE, NULL, 84, NULL, '2024-09-12 10:00:00'),
  (786, 35, 7, '2024-09-19', 'present', '08:00:00', '09:30:00', 0, FALSE, NULL, FALSE, NULL, 63, NULL, '2024-09-19 10:00:00'),
  (787, 35, 7, '2024-09-26', 'late', '08:34:00', '09:30:00', 34, FALSE, NULL, TRUE, '2024-09-26 10:15:00', 86, NULL, '2024-09-26 10:00:00'),
  (788, 35, 7, '2024-10-03', 'present', '08:00:00', '09:30:00', 0, FALSE, NULL, FALSE, NULL, 94, NULL, '2024-10-03 10:00:00'),
  (789, 35, 7, '2024-10-10', 'present', '08:00:00', '09:30:00', 0, FALSE, NULL, FALSE, NULL, 99, NULL, '2024-10-10 10:00:00'),
  (790, 35, 7, '2024-10-17', 'present', '08:00:00', '09:30:00', 0, FALSE, NULL, FALSE, NULL, 72, NULL, '2024-10-17 10:00:00'),
  (791, 36, 5, '2024-08-15', 'present', '08:00:00', '09:30:00', 0, FALSE, NULL, FALSE, NULL, 89, NULL, '2024-08-15 10:00:00'),
  (792, 36, 5, '2024-08-22', 'present', '08:00:00', '09:30:00', 0, FALSE, NULL, FALSE, NULL, 94, NULL, '2024-08-22 10:00:00'),
  (793, 36, 5, '2024-08-29', 'present', '08:00:00', '09:30:00', 0, FALSE, NULL, FALSE, NULL, 63, NULL, '2024-08-29 10:00:00'),
  (794, 36, 5, '2024-09-05', 'late', '08:21:00', '09:30:00', 21, FALSE, NULL, TRUE, '2024-09-05 10:15:00', 94, NULL, '2024-09-05 10:00:00'),
  (795, 36, 5, '2024-09-12', 'present', '08:00:00', '09:30:00', 0, FALSE, NULL, FALSE, NULL, 100, NULL, '2024-09-12 10:00:00'),
  (796, 36, 5, '2024-09-19', 'present', '08:00:00', '09:30:00', 0, FALSE, NULL, FALSE, NULL, 63, NULL, '2024-09-19 10:00:00'),
  (797, 36, 5, '2024-09-26', 'present', '08:00:00', '09:30:00', 0, FALSE, NULL, FALSE, NULL, 61, NULL, '2024-09-26 10:00:00'),
  (798, 36, 5, '2024-10-03', 'excused', NULL, NULL, 0, TRUE, 'doctor appointment', FALSE, NULL, 78, NULL, '2024-10-03 10:00:00'),
  (799, 36, 5, '2024-10-10', 'late', '08:16:00', '09:30:00', 16, FALSE, NULL, FALSE, NULL, 86, NULL, '2024-10-10 10:00:00'),
  (800, 36, 5, '2024-10-17', 'present', '08:00:00', '09:30:00', 0, FALSE, NULL, FALSE, NULL, 73, NULL, '2024-10-17 10:00:00'),
  (801, 36, 6, '2024-08-15', 'present', '08:00:00', '09:30:00', 0, FALSE, NULL, FALSE, NULL, 65, NULL, '2024-08-15 10:00:00'),
  (802, 36, 6, '2024-08-22', 'absent', NULL, NULL, 0, FALSE, NULL, FALSE, NULL, 96, NULL, '2024-08-22 10:00:00'),
  (803, 36, 6, '2024-08-29', 'absent', NULL, NULL, 0, FALSE, NULL, TRUE, '2024-08-29 10:30:00', 78, 'no contact from family', '2024-08-29 10:00:00'),
  (804, 36, 6, '2024-09-05', 'present', '08:00:00', '09:30:00', 0, FALSE, NULL, FALSE, NULL, 73, NULL, '2024-09-05 10:00:00'),
  (805, 36, 6, '2024-09-12', 'present', '08:00:00', '09:30:00', 0, FALSE, NULL, FALSE, NULL, 86, NULL, '2024-09-12 10:00:00'),
  (806, 36, 6, '2024-09-19', 'present', '08:00:00', '09:30:00', 0, FALSE, NULL, FALSE, NULL, 77, NULL, '2024-09-19 10:00:00'),
  (807, 36, 6, '2024-09-26', 'present', '08:00:00', '09:30:00', 0, FALSE, NULL, FALSE, NULL, 93, NULL, '2024-09-26 10:00:00'),
  (808, 36, 6, '2024-10-03', 'present', '08:00:00', '09:30:00', 0, FALSE, NULL, FALSE, NULL, 65, NULL, '2024-10-03 10:00:00'),
  (809, 36, 6, '2024-10-10', 'present', '08:00:00', '09:30:00', 0, FALSE, NULL, FALSE, NULL, 82, NULL, '2024-10-10 10:00:00'),
  (810, 36, 6, '2024-10-17', 'excused', NULL, NULL, 0, TRUE, 'religious observance', FALSE, NULL, 77, NULL, '2024-10-17 10:00:00'),
  (811, 36, 2, '2024-08-15', 'absent', NULL, NULL, 0, FALSE, NULL, FALSE, NULL, 97, NULL, '2024-08-15 10:00:00'),
  (812, 36, 2, '2024-08-22', 'present', '08:00:00', '09:30:00', 0, FALSE, NULL, FALSE, NULL, 89, NULL, '2024-08-22 10:00:00'),
  (813, 36, 2, '2024-08-29', 'excused', NULL, NULL, 0, TRUE, 'religious observance', FALSE, NULL, 91, NULL, '2024-08-29 10:00:00'),
  (814, 36, 2, '2024-09-05', 'late', '08:29:00', '09:30:00', 29, FALSE, NULL, TRUE, '2024-09-05 10:15:00', 82, NULL, '2024-09-05 10:00:00'),
  (815, 36, 2, '2024-09-12', 'excused', NULL, NULL, 0, TRUE, 'field trip permission', FALSE, NULL, 90, NULL, '2024-09-12 10:00:00'),
  (816, 36, 2, '2024-09-19', 'absent', NULL, NULL, 0, FALSE, NULL, FALSE, NULL, 91, NULL, '2024-09-19 10:00:00'),
  (817, 36, 2, '2024-09-26', 'present', '08:00:00', '09:30:00', 0, FALSE, NULL, FALSE, NULL, 65, NULL, '2024-09-26 10:00:00'),
  (818, 36, 2, '2024-10-03', 'present', '08:00:00', '09:30:00', 0, FALSE, NULL, FALSE, NULL, 75, NULL, '2024-10-03 10:00:00'),
  (819, 36, 2, '2024-10-10', 'present', '08:00:00', '09:30:00', 0, FALSE, NULL, FALSE, NULL, 75, NULL, '2024-10-10 10:00:00'),
  (820, 36, 2, '2024-10-17', 'late', '08:18:00', '09:30:00', 18, FALSE, NULL, FALSE, NULL, 83, NULL, '2024-10-17 10:00:00'),
  (821, 37, 5, '2024-08-15', 'present', '08:00:00', '09:30:00', 0, FALSE, NULL, FALSE, NULL, 61, NULL, '2024-08-15 10:00:00'),
  (822, 37, 5, '2024-08-22', 'late', '08:13:00', '09:30:00', 13, FALSE, NULL, FALSE, NULL, 76, NULL, '2024-08-22 10:00:00'),
  (823, 37, 5, '2024-08-29', 'present', '08:00:00', '09:30:00', 0, FALSE, NULL, FALSE, NULL, 86, NULL, '2024-08-29 10:00:00'),
  (824, 37, 5, '2024-09-05', 'present', '08:00:00', '09:30:00', 0, FALSE, NULL, FALSE, NULL, 82, NULL, '2024-09-05 10:00:00'),
  (825, 37, 5, '2024-09-12', 'present', '08:00:00', '09:30:00', 0, FALSE, NULL, FALSE, NULL, 72, NULL, '2024-09-12 10:00:00'),
  (826, 37, 5, '2024-09-19', 'present', '08:00:00', '09:30:00', 0, FALSE, NULL, FALSE, NULL, 83, NULL, '2024-09-19 10:00:00'),
  (827, 37, 5, '2024-09-26', 'present', '08:00:00', '09:30:00', 0, FALSE, NULL, FALSE, NULL, 97, NULL, '2024-09-26 10:00:00'),
  (828, 37, 5, '2024-10-03', 'present', '08:00:00', '09:30:00', 0, FALSE, NULL, FALSE, NULL, 73, NULL, '2024-10-03 10:00:00'),
  (829, 37, 5, '2024-10-10', 'present', '08:00:00', '09:30:00', 0, FALSE, NULL, FALSE, NULL, 73, NULL, '2024-10-10 10:00:00'),
  (830, 37, 5, '2024-10-17', 'present', '08:00:00', '09:30:00', 0, FALSE, NULL, FALSE, NULL, 76, NULL, '2024-10-17 10:00:00'),
  (831, 37, 6, '2024-08-15', 'absent', NULL, NULL, 0, FALSE, NULL, TRUE, '2024-08-15 10:30:00', 73, 'no contact from family', '2024-08-15 10:00:00'),
  (832, 37, 6, '2024-08-22', 'absent', NULL, NULL, 0, FALSE, NULL, FALSE, NULL, 83, NULL, '2024-08-22 10:00:00'),
  (833, 37, 6, '2024-08-29', 'present', '08:00:00', '09:30:00', 0, FALSE, NULL, FALSE, NULL, 67, NULL, '2024-08-29 10:00:00'),
  (834, 37, 6, '2024-09-05', 'present', '08:00:00', '09:30:00', 0, FALSE, NULL, FALSE, NULL, 66, NULL, '2024-09-05 10:00:00'),
  (835, 37, 6, '2024-09-12', 'present', '08:00:00', '09:30:00', 0, FALSE, NULL, FALSE, NULL, 92, NULL, '2024-09-12 10:00:00'),
  (836, 37, 6, '2024-09-19', 'present', '08:00:00', '09:30:00', 0, FALSE, NULL, FALSE, NULL, 95, NULL, '2024-09-19 10:00:00'),
  (837, 37, 6, '2024-09-26', 'excused', NULL, NULL, 0, TRUE, 'field trip permission', FALSE, NULL, 84, NULL, '2024-09-26 10:00:00'),
  (838, 37, 6, '2024-10-03', 'present', '08:00:00', '09:30:00', 0, FALSE, NULL, FALSE, NULL, 92, NULL, '2024-10-03 10:00:00'),
  (839, 37, 6, '2024-10-10', 'absent', NULL, NULL, 0, FALSE, NULL, FALSE, NULL, 97, NULL, '2024-10-10 10:00:00'),
  (840, 37, 6, '2024-10-17', 'absent', NULL, NULL, 0, FALSE, NULL, TRUE, '2024-10-17 10:30:00', 93, 'no contact from family', '2024-10-17 10:00:00'),
  (841, 37, 3, '2024-08-15', 'present', '08:00:00', '09:30:00', 0, FALSE, NULL, FALSE, NULL, 75, NULL, '2024-08-15 10:00:00'),
  (842, 37, 3, '2024-08-22', 'late', '08:09:00', '09:30:00', 9, FALSE, NULL, FALSE, NULL, 64, NULL, '2024-08-22 10:00:00'),
  (843, 37, 3, '2024-08-29', 'present', '08:00:00', '09:30:00', 0, FALSE, NULL, FALSE, NULL, 88, NULL, '2024-08-29 10:00:00'),
  (844, 37, 3, '2024-09-05', 'present', '08:00:00', '09:30:00', 0, FALSE, NULL, FALSE, NULL, 95, NULL, '2024-09-05 10:00:00'),
  (845, 37, 3, '2024-09-12', 'present', '08:00:00', '09:30:00', 0, FALSE, NULL, FALSE, NULL, 83, NULL, '2024-09-12 10:00:00'),
  (846, 37, 3, '2024-09-19', 'present', '08:00:00', '09:30:00', 0, FALSE, NULL, FALSE, NULL, 72, NULL, '2024-09-19 10:00:00'),
  (847, 37, 3, '2024-09-26', 'present', '08:00:00', '09:30:00', 0, FALSE, NULL, FALSE, NULL, 68, NULL, '2024-09-26 10:00:00'),
  (848, 37, 3, '2024-10-03', 'present', '08:00:00', '09:30:00', 0, FALSE, NULL, FALSE, NULL, 90, NULL, '2024-10-03 10:00:00'),
  (849, 37, 3, '2024-10-10', 'present', '08:00:00', '09:30:00', 0, FALSE, NULL, FALSE, NULL, 61, NULL, '2024-10-10 10:00:00'),
  (850, 37, 3, '2024-10-17', 'present', '08:00:00', '09:30:00', 0, FALSE, NULL, FALSE, NULL, 74, NULL, '2024-10-17 10:00:00'),
  (851, 38, 8, '2024-08-15', 'present', '08:00:00', '09:30:00', 0, FALSE, NULL, FALSE, NULL, 67, NULL, '2024-08-15 10:00:00'),
  (852, 38, 8, '2024-08-22', 'present', '08:00:00', '09:30:00', 0, FALSE, NULL, FALSE, NULL, 100, NULL, '2024-08-22 10:00:00'),
  (853, 38, 8, '2024-08-29', 'absent', NULL, NULL, 0, FALSE, NULL, TRUE, '2024-08-29 10:30:00', 77, 'no contact from family', '2024-08-29 10:00:00'),
  (854, 38, 8, '2024-09-05', 'present', '08:00:00', '09:30:00', 0, FALSE, NULL, FALSE, NULL, 91, NULL, '2024-09-05 10:00:00'),
  (855, 38, 8, '2024-09-12', 'excused', NULL, NULL, 0, TRUE, 'school sports event', FALSE, NULL, 84, NULL, '2024-09-12 10:00:00'),
  (856, 38, 8, '2024-09-19', 'present', '08:00:00', '09:30:00', 0, FALSE, NULL, FALSE, NULL, 88, NULL, '2024-09-19 10:00:00'),
  (857, 38, 8, '2024-09-26', 'present', '08:00:00', '09:30:00', 0, FALSE, NULL, FALSE, NULL, 84, NULL, '2024-09-26 10:00:00'),
  (858, 38, 8, '2024-10-03', 'present', '08:00:00', '09:30:00', 0, FALSE, NULL, FALSE, NULL, 86, NULL, '2024-10-03 10:00:00'),
  (859, 38, 8, '2024-10-10', 'present', '08:00:00', '09:30:00', 0, FALSE, NULL, FALSE, NULL, 72, NULL, '2024-10-10 10:00:00'),
  (860, 38, 8, '2024-10-17', 'present', '08:00:00', '09:30:00', 0, FALSE, NULL, FALSE, NULL, 97, NULL, '2024-10-17 10:00:00'),
  (861, 38, 4, '2024-08-15', 'present', '08:00:00', '09:30:00', 0, FALSE, NULL, FALSE, NULL, 67, NULL, '2024-08-15 10:00:00'),
  (862, 38, 4, '2024-08-22', 'late', '08:30:00', '09:30:00', 30, FALSE, NULL, TRUE, '2024-08-22 10:15:00', 76, NULL, '2024-08-22 10:00:00'),
  (863, 38, 4, '2024-08-29', 'present', '08:00:00', '09:30:00', 0, FALSE, NULL, FALSE, NULL, 85, NULL, '2024-08-29 10:00:00'),
  (864, 38, 4, '2024-09-05', 'present', '08:00:00', '09:30:00', 0, FALSE, NULL, FALSE, NULL, 70, NULL, '2024-09-05 10:00:00'),
  (865, 38, 4, '2024-09-12', 'present', '08:00:00', '09:30:00', 0, FALSE, NULL, FALSE, NULL, 61, NULL, '2024-09-12 10:00:00'),
  (866, 38, 4, '2024-09-19', 'present', '08:00:00', '09:30:00', 0, FALSE, NULL, FALSE, NULL, 92, NULL, '2024-09-19 10:00:00'),
  (867, 38, 4, '2024-09-26', 'present', '08:00:00', '09:30:00', 0, FALSE, NULL, FALSE, NULL, 94, NULL, '2024-09-26 10:00:00'),
  (868, 38, 4, '2024-10-03', 'present', '08:00:00', '09:30:00', 0, FALSE, NULL, FALSE, NULL, 81, NULL, '2024-10-03 10:00:00'),
  (869, 38, 4, '2024-10-10', 'late', '08:14:00', '09:30:00', 14, FALSE, NULL, FALSE, NULL, 77, NULL, '2024-10-10 10:00:00'),
  (870, 38, 4, '2024-10-17', 'present', '08:00:00', '09:30:00', 0, FALSE, NULL, FALSE, NULL, 97, NULL, '2024-10-17 10:00:00'),
  (871, 39, 6, '2024-08-15', 'present', '08:00:00', '09:30:00', 0, FALSE, NULL, FALSE, NULL, 67, NULL, '2024-08-15 10:00:00'),
  (872, 39, 6, '2024-08-22', 'present', '08:00:00', '09:30:00', 0, FALSE, NULL, FALSE, NULL, 64, NULL, '2024-08-22 10:00:00'),
  (873, 39, 6, '2024-08-29', 'present', '08:00:00', '09:30:00', 0, FALSE, NULL, FALSE, NULL, 77, NULL, '2024-08-29 10:00:00'),
  (874, 39, 6, '2024-09-05', 'present', '08:00:00', '09:30:00', 0, FALSE, NULL, FALSE, NULL, 67, NULL, '2024-09-05 10:00:00'),
  (875, 39, 6, '2024-09-12', 'present', '08:00:00', '09:30:00', 0, FALSE, NULL, FALSE, NULL, 82, NULL, '2024-09-12 10:00:00'),
  (876, 39, 6, '2024-09-19', 'present', '08:00:00', '09:30:00', 0, FALSE, NULL, FALSE, NULL, 84, NULL, '2024-09-19 10:00:00'),
  (877, 39, 6, '2024-09-26', 'present', '08:00:00', '09:30:00', 0, FALSE, NULL, FALSE, NULL, 77, NULL, '2024-09-26 10:00:00'),
  (878, 39, 6, '2024-10-03', 'present', '08:00:00', '09:30:00', 0, FALSE, NULL, FALSE, NULL, 87, NULL, '2024-10-03 10:00:00'),
  (879, 39, 6, '2024-10-10', 'present', '08:00:00', '09:30:00', 0, FALSE, NULL, FALSE, NULL, 99, NULL, '2024-10-10 10:00:00'),
  (880, 39, 6, '2024-10-17', 'present', '08:00:00', '09:30:00', 0, FALSE, NULL, FALSE, NULL, 97, NULL, '2024-10-17 10:00:00'),
  (881, 39, 8, '2024-08-15', 'present', '08:00:00', '09:30:00', 0, FALSE, NULL, FALSE, NULL, 95, NULL, '2024-08-15 10:00:00'),
  (882, 39, 8, '2024-08-22', 'present', '08:00:00', '09:30:00', 0, FALSE, NULL, FALSE, NULL, 79, NULL, '2024-08-22 10:00:00'),
  (883, 39, 8, '2024-08-29', 'present', '08:00:00', '09:30:00', 0, FALSE, NULL, FALSE, NULL, 93, NULL, '2024-08-29 10:00:00'),
  (884, 39, 8, '2024-09-05', 'present', '08:00:00', '09:30:00', 0, FALSE, NULL, FALSE, NULL, 89, NULL, '2024-09-05 10:00:00'),
  (885, 39, 8, '2024-09-12', 'absent', NULL, NULL, 0, FALSE, NULL, TRUE, '2024-09-12 10:30:00', 79, 'no contact from family', '2024-09-12 10:00:00'),
  (886, 39, 8, '2024-09-19', 'present', '08:00:00', '09:30:00', 0, FALSE, NULL, FALSE, NULL, 70, NULL, '2024-09-19 10:00:00'),
  (887, 39, 8, '2024-09-26', 'absent', NULL, NULL, 0, FALSE, NULL, FALSE, NULL, 82, NULL, '2024-09-26 10:00:00'),
  (888, 39, 8, '2024-10-03', 'present', '08:00:00', '09:30:00', 0, FALSE, NULL, FALSE, NULL, 100, NULL, '2024-10-03 10:00:00'),
  (889, 39, 8, '2024-10-10', 'present', '08:00:00', '09:30:00', 0, FALSE, NULL, FALSE, NULL, 65, NULL, '2024-10-10 10:00:00'),
  (890, 39, 8, '2024-10-17', 'present', '08:00:00', '09:30:00', 0, FALSE, NULL, FALSE, NULL, 82, NULL, '2024-10-17 10:00:00'),
  (891, 40, 2, '2024-08-15', 'present', '08:00:00', '09:30:00', 0, FALSE, NULL, FALSE, NULL, 81, NULL, '2024-08-15 10:00:00'),
  (892, 40, 2, '2024-08-22', 'present', '08:00:00', '09:30:00', 0, FALSE, NULL, FALSE, NULL, 78, NULL, '2024-08-22 10:00:00'),
  (893, 40, 2, '2024-08-29', 'present', '08:00:00', '09:30:00', 0, FALSE, NULL, FALSE, NULL, 86, NULL, '2024-08-29 10:00:00'),
  (894, 40, 2, '2024-09-05', 'present', '08:00:00', '09:30:00', 0, FALSE, NULL, FALSE, NULL, 89, NULL, '2024-09-05 10:00:00'),
  (895, 40, 2, '2024-09-12', 'late', '08:35:00', '09:30:00', 35, FALSE, NULL, TRUE, '2024-09-12 10:15:00', 84, NULL, '2024-09-12 10:00:00'),
  (896, 40, 2, '2024-09-19', 'late', '08:21:00', '09:30:00', 21, FALSE, NULL, TRUE, '2024-09-19 10:15:00', 89, NULL, '2024-09-19 10:00:00'),
  (897, 40, 2, '2024-09-26', 'present', '08:00:00', '09:30:00', 0, FALSE, NULL, FALSE, NULL, 72, NULL, '2024-09-26 10:00:00'),
  (898, 40, 2, '2024-10-03', 'absent', NULL, NULL, 0, FALSE, NULL, TRUE, '2024-10-03 10:30:00', 76, 'no contact from family', '2024-10-03 10:00:00'),
  (899, 40, 2, '2024-10-10', 'present', '08:00:00', '09:30:00', 0, FALSE, NULL, FALSE, NULL, 66, NULL, '2024-10-10 10:00:00'),
  (900, 40, 2, '2024-10-17', 'present', '08:00:00', '09:30:00', 0, FALSE, NULL, FALSE, NULL, 86, NULL, '2024-10-17 10:00:00'),
  (901, 40, 3, '2024-08-15', 'present', '08:00:00', '09:30:00', 0, FALSE, NULL, FALSE, NULL, 65, NULL, '2024-08-15 10:00:00'),
  (902, 40, 3, '2024-08-22', 'excused', NULL, NULL, 0, TRUE, 'field trip permission', FALSE, NULL, 96, NULL, '2024-08-22 10:00:00'),
  (903, 40, 3, '2024-08-29', 'present', '08:00:00', '09:30:00', 0, FALSE, NULL, FALSE, NULL, 86, NULL, '2024-08-29 10:00:00'),
  (904, 40, 3, '2024-09-05', 'present', '08:00:00', '09:30:00', 0, FALSE, NULL, FALSE, NULL, 66, NULL, '2024-09-05 10:00:00'),
  (905, 40, 3, '2024-09-12', 'present', '08:00:00', '09:30:00', 0, FALSE, NULL, FALSE, NULL, 100, NULL, '2024-09-12 10:00:00'),
  (906, 40, 3, '2024-09-19', 'present', '08:00:00', '09:30:00', 0, FALSE, NULL, FALSE, NULL, 85, NULL, '2024-09-19 10:00:00'),
  (907, 40, 3, '2024-09-26', 'present', '08:00:00', '09:30:00', 0, FALSE, NULL, FALSE, NULL, 76, NULL, '2024-09-26 10:00:00'),
  (908, 40, 3, '2024-10-03', 'late', '08:19:00', '09:30:00', 19, FALSE, NULL, FALSE, NULL, 69, NULL, '2024-10-03 10:00:00'),
  (909, 40, 3, '2024-10-10', 'present', '08:00:00', '09:30:00', 0, FALSE, NULL, FALSE, NULL, 71, NULL, '2024-10-10 10:00:00'),
  (910, 40, 3, '2024-10-17', 'present', '08:00:00', '09:30:00', 0, FALSE, NULL, FALSE, NULL, 83, NULL, '2024-10-17 10:00:00'),
  (911, 41, 2, '2024-08-15', 'absent', NULL, NULL, 0, FALSE, NULL, TRUE, '2024-08-15 10:30:00', 91, 'no contact from family', '2024-08-15 10:00:00'),
  (912, 41, 2, '2024-08-22', 'present', '08:00:00', '09:30:00', 0, FALSE, NULL, FALSE, NULL, 95, NULL, '2024-08-22 10:00:00'),
  (913, 41, 2, '2024-08-29', 'excused', NULL, NULL, 0, TRUE, 'religious observance', FALSE, NULL, 89, NULL, '2024-08-29 10:00:00'),
  (914, 41, 2, '2024-09-05', 'present', '08:00:00', '09:30:00', 0, FALSE, NULL, FALSE, NULL, 95, NULL, '2024-09-05 10:00:00'),
  (915, 41, 2, '2024-09-12', 'present', '08:00:00', '09:30:00', 0, FALSE, NULL, FALSE, NULL, 99, NULL, '2024-09-12 10:00:00'),
  (916, 41, 2, '2024-09-19', 'present', '08:00:00', '09:30:00', 0, FALSE, NULL, FALSE, NULL, 97, NULL, '2024-09-19 10:00:00'),
  (917, 41, 2, '2024-09-26', 'present', '08:00:00', '09:30:00', 0, FALSE, NULL, FALSE, NULL, 95, NULL, '2024-09-26 10:00:00'),
  (918, 41, 2, '2024-10-03', 'present', '08:00:00', '09:30:00', 0, FALSE, NULL, FALSE, NULL, 83, NULL, '2024-10-03 10:00:00'),
  (919, 41, 2, '2024-10-10', 'present', '08:00:00', '09:30:00', 0, FALSE, NULL, FALSE, NULL, 75, NULL, '2024-10-10 10:00:00'),
  (920, 41, 2, '2024-10-17', 'late', '08:19:00', '09:30:00', 19, FALSE, NULL, FALSE, NULL, 80, NULL, '2024-10-17 10:00:00'),
  (921, 41, 1, '2024-08-15', 'present', '08:00:00', '09:30:00', 0, FALSE, NULL, FALSE, NULL, 77, NULL, '2024-08-15 10:00:00'),
  (922, 41, 1, '2024-08-22', 'present', '08:00:00', '09:30:00', 0, FALSE, NULL, FALSE, NULL, 61, NULL, '2024-08-22 10:00:00'),
  (923, 41, 1, '2024-08-29', 'present', '08:00:00', '09:30:00', 0, FALSE, NULL, FALSE, NULL, 69, NULL, '2024-08-29 10:00:00'),
  (924, 41, 1, '2024-09-05', 'present', '08:00:00', '09:30:00', 0, FALSE, NULL, FALSE, NULL, 91, NULL, '2024-09-05 10:00:00'),
  (925, 41, 1, '2024-09-12', 'present', '08:00:00', '09:30:00', 0, FALSE, NULL, FALSE, NULL, 92, NULL, '2024-09-12 10:00:00'),
  (926, 41, 1, '2024-09-19', 'excused', NULL, NULL, 0, TRUE, 'field trip permission', FALSE, NULL, 80, NULL, '2024-09-19 10:00:00'),
  (927, 41, 1, '2024-09-26', 'present', '08:00:00', '09:30:00', 0, FALSE, NULL, FALSE, NULL, 88, NULL, '2024-09-26 10:00:00'),
  (928, 41, 1, '2024-10-03', 'late', '08:24:00', '09:30:00', 24, FALSE, NULL, TRUE, '2024-10-03 10:15:00', 75, NULL, '2024-10-03 10:00:00'),
  (929, 41, 1, '2024-10-10', 'late', '08:22:00', '09:30:00', 22, FALSE, NULL, TRUE, '2024-10-10 10:15:00', 84, NULL, '2024-10-10 10:00:00'),
  (930, 41, 1, '2024-10-17', 'present', '08:00:00', '09:30:00', 0, FALSE, NULL, FALSE, NULL, 96, NULL, '2024-10-17 10:00:00'),
  (931, 42, 3, '2024-08-15', 'present', '08:00:00', '09:30:00', 0, FALSE, NULL, FALSE, NULL, 76, NULL, '2024-08-15 10:00:00'),
  (932, 42, 3, '2024-08-22', 'present', '08:00:00', '09:30:00', 0, FALSE, NULL, FALSE, NULL, 85, NULL, '2024-08-22 10:00:00'),
  (933, 42, 3, '2024-08-29', 'absent', NULL, NULL, 0, FALSE, NULL, TRUE, '2024-08-29 10:30:00', 66, 'no contact from family', '2024-08-29 10:00:00'),
  (934, 42, 3, '2024-09-05', 'present', '08:00:00', '09:30:00', 0, FALSE, NULL, FALSE, NULL, 76, NULL, '2024-09-05 10:00:00'),
  (935, 42, 3, '2024-09-12', 'present', '08:00:00', '09:30:00', 0, FALSE, NULL, FALSE, NULL, 100, NULL, '2024-09-12 10:00:00'),
  (936, 42, 3, '2024-09-19', 'late', '08:26:00', '09:30:00', 26, FALSE, NULL, TRUE, '2024-09-19 10:15:00', 78, NULL, '2024-09-19 10:00:00'),
  (937, 42, 3, '2024-09-26', 'present', '08:00:00', '09:30:00', 0, FALSE, NULL, FALSE, NULL, 95, NULL, '2024-09-26 10:00:00'),
  (938, 42, 3, '2024-10-03', 'late', '08:18:00', '09:30:00', 18, FALSE, NULL, FALSE, NULL, 73, NULL, '2024-10-03 10:00:00'),
  (939, 42, 3, '2024-10-10', 'absent', NULL, NULL, 0, FALSE, NULL, TRUE, '2024-10-10 10:30:00', 79, 'no contact from family', '2024-10-10 10:00:00'),
  (940, 42, 3, '2024-10-17', 'present', '08:00:00', '09:30:00', 0, FALSE, NULL, FALSE, NULL, 90, NULL, '2024-10-17 10:00:00'),
  (941, 42, 7, '2024-08-15', 'present', '08:00:00', '09:30:00', 0, FALSE, NULL, FALSE, NULL, 78, NULL, '2024-08-15 10:00:00'),
  (942, 42, 7, '2024-08-22', 'late', '08:20:00', '09:30:00', 20, FALSE, NULL, FALSE, NULL, 73, NULL, '2024-08-22 10:00:00'),
  (943, 42, 7, '2024-08-29', 'present', '08:00:00', '09:30:00', 0, FALSE, NULL, FALSE, NULL, 70, NULL, '2024-08-29 10:00:00'),
  (944, 42, 7, '2024-09-05', 'present', '08:00:00', '09:30:00', 0, FALSE, NULL, FALSE, NULL, 95, NULL, '2024-09-05 10:00:00'),
  (945, 42, 7, '2024-09-12', 'present', '08:00:00', '09:30:00', 0, FALSE, NULL, FALSE, NULL, 67, NULL, '2024-09-12 10:00:00'),
  (946, 42, 7, '2024-09-19', 'present', '08:00:00', '09:30:00', 0, FALSE, NULL, FALSE, NULL, 69, NULL, '2024-09-19 10:00:00'),
  (947, 42, 7, '2024-09-26', 'late', '08:28:00', '09:30:00', 28, FALSE, NULL, TRUE, '2024-09-26 10:15:00', 61, NULL, '2024-09-26 10:00:00'),
  (948, 42, 7, '2024-10-03', 'present', '08:00:00', '09:30:00', 0, FALSE, NULL, FALSE, NULL, 70, NULL, '2024-10-03 10:00:00'),
  (949, 42, 7, '2024-10-10', 'present', '08:00:00', '09:30:00', 0, FALSE, NULL, FALSE, NULL, 74, NULL, '2024-10-10 10:00:00'),
  (950, 42, 7, '2024-10-17', 'present', '08:00:00', '09:30:00', 0, FALSE, NULL, FALSE, NULL, 80, NULL, '2024-10-17 10:00:00'),
  (951, 43, 8, '2024-08-15', 'late', '08:20:00', '09:30:00', 20, FALSE, NULL, FALSE, NULL, 84, NULL, '2024-08-15 10:00:00'),
  (952, 43, 8, '2024-08-22', 'present', '08:00:00', '09:30:00', 0, FALSE, NULL, FALSE, NULL, 63, NULL, '2024-08-22 10:00:00'),
  (953, 43, 8, '2024-08-29', 'present', '08:00:00', '09:30:00', 0, FALSE, NULL, FALSE, NULL, 70, NULL, '2024-08-29 10:00:00'),
  (954, 43, 8, '2024-09-05', 'present', '08:00:00', '09:30:00', 0, FALSE, NULL, FALSE, NULL, 86, NULL, '2024-09-05 10:00:00'),
  (955, 43, 8, '2024-09-12', 'present', '08:00:00', '09:30:00', 0, FALSE, NULL, FALSE, NULL, 91, NULL, '2024-09-12 10:00:00'),
  (956, 43, 8, '2024-09-19', 'present', '08:00:00', '09:30:00', 0, FALSE, NULL, FALSE, NULL, 77, NULL, '2024-09-19 10:00:00'),
  (957, 43, 8, '2024-09-26', 'late', '08:31:00', '09:30:00', 31, FALSE, NULL, TRUE, '2024-09-26 10:15:00', 61, NULL, '2024-09-26 10:00:00'),
  (958, 43, 8, '2024-10-03', 'present', '08:00:00', '09:30:00', 0, FALSE, NULL, FALSE, NULL, 76, NULL, '2024-10-03 10:00:00'),
  (959, 43, 8, '2024-10-10', 'present', '08:00:00', '09:30:00', 0, FALSE, NULL, FALSE, NULL, 89, NULL, '2024-10-10 10:00:00'),
  (960, 43, 8, '2024-10-17', 'present', '08:00:00', '09:30:00', 0, FALSE, NULL, FALSE, NULL, 63, NULL, '2024-10-17 10:00:00'),
  (961, 43, 5, '2024-08-15', 'present', '08:00:00', '09:30:00', 0, FALSE, NULL, FALSE, NULL, 67, NULL, '2024-08-15 10:00:00'),
  (962, 43, 5, '2024-08-22', 'present', '08:00:00', '09:30:00', 0, FALSE, NULL, FALSE, NULL, 74, NULL, '2024-08-22 10:00:00'),
  (963, 43, 5, '2024-08-29', 'present', '08:00:00', '09:30:00', 0, FALSE, NULL, FALSE, NULL, 80, NULL, '2024-08-29 10:00:00'),
  (964, 43, 5, '2024-09-05', 'excused', NULL, NULL, 0, TRUE, 'family emergency', FALSE, NULL, 63, NULL, '2024-09-05 10:00:00'),
  (965, 43, 5, '2024-09-12', 'late', '08:22:00', '09:30:00', 22, FALSE, NULL, TRUE, '2024-09-12 10:15:00', 94, NULL, '2024-09-12 10:00:00'),
  (966, 43, 5, '2024-09-19', 'present', '08:00:00', '09:30:00', 0, FALSE, NULL, FALSE, NULL, 91, NULL, '2024-09-19 10:00:00'),
  (967, 43, 5, '2024-09-26', 'present', '08:00:00', '09:30:00', 0, FALSE, NULL, FALSE, NULL, 73, NULL, '2024-09-26 10:00:00'),
  (968, 43, 5, '2024-10-03', 'present', '08:00:00', '09:30:00', 0, FALSE, NULL, FALSE, NULL, 64, NULL, '2024-10-03 10:00:00'),
  (969, 43, 5, '2024-10-10', 'absent', NULL, NULL, 0, FALSE, NULL, TRUE, '2024-10-10 10:30:00', 68, 'no contact from family', '2024-10-10 10:00:00'),
  (970, 43, 5, '2024-10-17', 'present', '08:00:00', '09:30:00', 0, FALSE, NULL, FALSE, NULL, 88, NULL, '2024-10-17 10:00:00'),
  (971, 44, 8, '2024-08-15', 'present', '08:00:00', '09:30:00', 0, FALSE, NULL, FALSE, NULL, 71, NULL, '2024-08-15 10:00:00'),
  (972, 44, 8, '2024-08-22', 'late', '08:23:00', '09:30:00', 23, FALSE, NULL, TRUE, '2024-08-22 10:15:00', 68, NULL, '2024-08-22 10:00:00'),
  (973, 44, 8, '2024-08-29', 'present', '08:00:00', '09:30:00', 0, FALSE, NULL, FALSE, NULL, 76, NULL, '2024-08-29 10:00:00'),
  (974, 44, 8, '2024-09-05', 'present', '08:00:00', '09:30:00', 0, FALSE, NULL, FALSE, NULL, 63, NULL, '2024-09-05 10:00:00'),
  (975, 44, 8, '2024-09-12', 'present', '08:00:00', '09:30:00', 0, FALSE, NULL, FALSE, NULL, 91, NULL, '2024-09-12 10:00:00'),
  (976, 44, 8, '2024-09-19', 'present', '08:00:00', '09:30:00', 0, FALSE, NULL, FALSE, NULL, 70, NULL, '2024-09-19 10:00:00'),
  (977, 44, 8, '2024-09-26', 'present', '08:00:00', '09:30:00', 0, FALSE, NULL, FALSE, NULL, 66, NULL, '2024-09-26 10:00:00'),
  (978, 44, 8, '2024-10-03', 'present', '08:00:00', '09:30:00', 0, FALSE, NULL, FALSE, NULL, 92, NULL, '2024-10-03 10:00:00'),
  (979, 44, 8, '2024-10-10', 'present', '08:00:00', '09:30:00', 0, FALSE, NULL, FALSE, NULL, 100, NULL, '2024-10-10 10:00:00'),
  (980, 44, 8, '2024-10-17', 'present', '08:00:00', '09:30:00', 0, FALSE, NULL, FALSE, NULL, 64, NULL, '2024-10-17 10:00:00'),
  (981, 44, 2, '2024-08-15', 'present', '08:00:00', '09:30:00', 0, FALSE, NULL, FALSE, NULL, 70, NULL, '2024-08-15 10:00:00'),
  (982, 44, 2, '2024-08-22', 'late', '08:30:00', '09:30:00', 30, FALSE, NULL, TRUE, '2024-08-22 10:15:00', 67, NULL, '2024-08-22 10:00:00'),
  (983, 44, 2, '2024-08-29', 'present', '08:00:00', '09:30:00', 0, FALSE, NULL, FALSE, NULL, 75, NULL, '2024-08-29 10:00:00'),
  (984, 44, 2, '2024-09-05', 'present', '08:00:00', '09:30:00', 0, FALSE, NULL, FALSE, NULL, 96, NULL, '2024-09-05 10:00:00'),
  (985, 44, 2, '2024-09-12', 'late', '08:29:00', '09:30:00', 29, FALSE, NULL, TRUE, '2024-09-12 10:15:00', 83, NULL, '2024-09-12 10:00:00'),
  (986, 44, 2, '2024-09-19', 'late', '08:19:00', '09:30:00', 19, FALSE, NULL, FALSE, NULL, 73, NULL, '2024-09-19 10:00:00'),
  (987, 44, 2, '2024-09-26', 'present', '08:00:00', '09:30:00', 0, FALSE, NULL, FALSE, NULL, 85, NULL, '2024-09-26 10:00:00'),
  (988, 44, 2, '2024-10-03', 'present', '08:00:00', '09:30:00', 0, FALSE, NULL, FALSE, NULL, 69, NULL, '2024-10-03 10:00:00'),
  (989, 44, 2, '2024-10-10', 'present', '08:00:00', '09:30:00', 0, FALSE, NULL, FALSE, NULL, 63, NULL, '2024-10-10 10:00:00'),
  (990, 44, 2, '2024-10-17', 'present', '08:00:00', '09:30:00', 0, FALSE, NULL, FALSE, NULL, 89, NULL, '2024-10-17 10:00:00'),
  (991, 45, 8, '2024-08-15', 'present', '08:00:00', '09:30:00', 0, FALSE, NULL, FALSE, NULL, 95, NULL, '2024-08-15 10:00:00'),
  (992, 45, 8, '2024-08-22', 'present', '08:00:00', '09:30:00', 0, FALSE, NULL, FALSE, NULL, 73, NULL, '2024-08-22 10:00:00'),
  (993, 45, 8, '2024-08-29', 'present', '08:00:00', '09:30:00', 0, FALSE, NULL, FALSE, NULL, 95, NULL, '2024-08-29 10:00:00'),
  (994, 45, 8, '2024-09-05', 'present', '08:00:00', '09:30:00', 0, FALSE, NULL, FALSE, NULL, 90, NULL, '2024-09-05 10:00:00'),
  (995, 45, 8, '2024-09-12', 'present', '08:00:00', '09:30:00', 0, FALSE, NULL, FALSE, NULL, 99, NULL, '2024-09-12 10:00:00'),
  (996, 45, 8, '2024-09-19', 'absent', NULL, NULL, 0, FALSE, NULL, FALSE, NULL, 65, NULL, '2024-09-19 10:00:00'),
  (997, 45, 8, '2024-09-26', 'present', '08:00:00', '09:30:00', 0, FALSE, NULL, FALSE, NULL, 89, NULL, '2024-09-26 10:00:00'),
  (998, 45, 8, '2024-10-03', 'present', '08:00:00', '09:30:00', 0, FALSE, NULL, FALSE, NULL, 77, NULL, '2024-10-03 10:00:00'),
  (999, 45, 8, '2024-10-10', 'present', '08:00:00', '09:30:00', 0, FALSE, NULL, FALSE, NULL, 90, NULL, '2024-10-10 10:00:00'),
  (1000, 45, 8, '2024-10-17', 'present', '08:00:00', '09:30:00', 0, FALSE, NULL, FALSE, NULL, 93, NULL, '2024-10-17 10:00:00');

INSERT INTO attendance (id, student_id, course_id, session_date, status, arrival_time, departure_time, late_minutes, excused, excuse_reason, parent_notified, notified_at, marked_by, notes, created_at) VALUES
  (1001, 45, 3, '2024-08-15', 'present', '08:00:00', '09:30:00', 0, FALSE, NULL, FALSE, NULL, 72, NULL, '2024-08-15 10:00:00'),
  (1002, 45, 3, '2024-08-22', 'absent', NULL, NULL, 0, FALSE, NULL, FALSE, NULL, 84, NULL, '2024-08-22 10:00:00'),
  (1003, 45, 3, '2024-08-29', 'late', '08:12:00', '09:30:00', 12, FALSE, NULL, FALSE, NULL, 81, NULL, '2024-08-29 10:00:00'),
  (1004, 45, 3, '2024-09-05', 'late', '08:26:00', '09:30:00', 26, FALSE, NULL, TRUE, '2024-09-05 10:15:00', 95, NULL, '2024-09-05 10:00:00'),
  (1005, 45, 3, '2024-09-12', 'late', '08:11:00', '09:30:00', 11, FALSE, NULL, FALSE, NULL, 94, NULL, '2024-09-12 10:00:00'),
  (1006, 45, 3, '2024-09-19', 'present', '08:00:00', '09:30:00', 0, FALSE, NULL, FALSE, NULL, 96, NULL, '2024-09-19 10:00:00'),
  (1007, 45, 3, '2024-09-26', 'present', '08:00:00', '09:30:00', 0, FALSE, NULL, FALSE, NULL, 79, NULL, '2024-09-26 10:00:00'),
  (1008, 45, 3, '2024-10-03', 'present', '08:00:00', '09:30:00', 0, FALSE, NULL, FALSE, NULL, 81, NULL, '2024-10-03 10:00:00'),
  (1009, 45, 3, '2024-10-10', 'present', '08:00:00', '09:30:00', 0, FALSE, NULL, FALSE, NULL, 94, NULL, '2024-10-10 10:00:00'),
  (1010, 45, 3, '2024-10-17', 'present', '08:00:00', '09:30:00', 0, FALSE, NULL, FALSE, NULL, 63, NULL, '2024-10-17 10:00:00'),
  (1011, 46, 6, '2024-08-15', 'absent', NULL, NULL, 0, FALSE, NULL, TRUE, '2024-08-15 10:30:00', 63, 'no contact from family', '2024-08-15 10:00:00'),
  (1012, 46, 6, '2024-08-22', 'present', '08:00:00', '09:30:00', 0, FALSE, NULL, FALSE, NULL, 92, NULL, '2024-08-22 10:00:00'),
  (1013, 46, 6, '2024-08-29', 'present', '08:00:00', '09:30:00', 0, FALSE, NULL, FALSE, NULL, 63, NULL, '2024-08-29 10:00:00'),
  (1014, 46, 6, '2024-09-05', 'present', '08:00:00', '09:30:00', 0, FALSE, NULL, FALSE, NULL, 85, NULL, '2024-09-05 10:00:00'),
  (1015, 46, 6, '2024-09-12', 'present', '08:00:00', '09:30:00', 0, FALSE, NULL, FALSE, NULL, 94, NULL, '2024-09-12 10:00:00'),
  (1016, 46, 6, '2024-09-19', 'present', '08:00:00', '09:30:00', 0, FALSE, NULL, FALSE, NULL, 98, NULL, '2024-09-19 10:00:00'),
  (1017, 46, 6, '2024-09-26', 'present', '08:00:00', '09:30:00', 0, FALSE, NULL, FALSE, NULL, 84, NULL, '2024-09-26 10:00:00'),
  (1018, 46, 6, '2024-10-03', 'present', '08:00:00', '09:30:00', 0, FALSE, NULL, FALSE, NULL, 65, NULL, '2024-10-03 10:00:00'),
  (1019, 46, 6, '2024-10-10', 'present', '08:00:00', '09:30:00', 0, FALSE, NULL, FALSE, NULL, 74, NULL, '2024-10-10 10:00:00'),
  (1020, 46, 6, '2024-10-17', 'present', '08:00:00', '09:30:00', 0, FALSE, NULL, FALSE, NULL, 66, NULL, '2024-10-17 10:00:00'),
  (1021, 46, 7, '2024-08-15', 'present', '08:00:00', '09:30:00', 0, FALSE, NULL, FALSE, NULL, 64, NULL, '2024-08-15 10:00:00'),
  (1022, 46, 7, '2024-08-22', 'present', '08:00:00', '09:30:00', 0, FALSE, NULL, FALSE, NULL, 87, NULL, '2024-08-22 10:00:00'),
  (1023, 46, 7, '2024-08-29', 'absent', NULL, NULL, 0, FALSE, NULL, FALSE, NULL, 64, NULL, '2024-08-29 10:00:00'),
  (1024, 46, 7, '2024-09-05', 'absent', NULL, NULL, 0, FALSE, NULL, TRUE, '2024-09-05 10:30:00', 63, 'no contact from family', '2024-09-05 10:00:00'),
  (1025, 46, 7, '2024-09-12', 'late', '08:31:00', '09:30:00', 31, FALSE, NULL, TRUE, '2024-09-12 10:15:00', 80, NULL, '2024-09-12 10:00:00'),
  (1026, 46, 7, '2024-09-19', 'present', '08:00:00', '09:30:00', 0, FALSE, NULL, FALSE, NULL, 74, NULL, '2024-09-19 10:00:00'),
  (1027, 46, 7, '2024-09-26', 'excused', NULL, NULL, 0, TRUE, 'doctor appointment', FALSE, NULL, 67, NULL, '2024-09-26 10:00:00'),
  (1028, 46, 7, '2024-10-03', 'late', '08:22:00', '09:30:00', 22, FALSE, NULL, TRUE, '2024-10-03 10:15:00', 85, NULL, '2024-10-03 10:00:00'),
  (1029, 46, 7, '2024-10-10', 'present', '08:00:00', '09:30:00', 0, FALSE, NULL, FALSE, NULL, 94, NULL, '2024-10-10 10:00:00'),
  (1030, 46, 7, '2024-10-17', 'present', '08:00:00', '09:30:00', 0, FALSE, NULL, FALSE, NULL, 97, NULL, '2024-10-17 10:00:00'),
  (1031, 46, 4, '2024-08-15', 'present', '08:00:00', '09:30:00', 0, FALSE, NULL, FALSE, NULL, 72, NULL, '2024-08-15 10:00:00'),
  (1032, 46, 4, '2024-08-22', 'present', '08:00:00', '09:30:00', 0, FALSE, NULL, FALSE, NULL, 96, NULL, '2024-08-22 10:00:00'),
  (1033, 46, 4, '2024-08-29', 'present', '08:00:00', '09:30:00', 0, FALSE, NULL, FALSE, NULL, 67, NULL, '2024-08-29 10:00:00'),
  (1034, 46, 4, '2024-09-05', 'late', '08:23:00', '09:30:00', 23, FALSE, NULL, TRUE, '2024-09-05 10:15:00', 83, NULL, '2024-09-05 10:00:00'),
  (1035, 46, 4, '2024-09-12', 'present', '08:00:00', '09:30:00', 0, FALSE, NULL, FALSE, NULL, 88, NULL, '2024-09-12 10:00:00'),
  (1036, 46, 4, '2024-09-19', 'absent', NULL, NULL, 0, FALSE, NULL, TRUE, '2024-09-19 10:30:00', 72, 'no contact from family', '2024-09-19 10:00:00'),
  (1037, 46, 4, '2024-09-26', 'present', '08:00:00', '09:30:00', 0, FALSE, NULL, FALSE, NULL, 93, NULL, '2024-09-26 10:00:00'),
  (1038, 46, 4, '2024-10-03', 'present', '08:00:00', '09:30:00', 0, FALSE, NULL, FALSE, NULL, 71, NULL, '2024-10-03 10:00:00'),
  (1039, 46, 4, '2024-10-10', 'present', '08:00:00', '09:30:00', 0, FALSE, NULL, FALSE, NULL, 99, NULL, '2024-10-10 10:00:00'),
  (1040, 46, 4, '2024-10-17', 'present', '08:00:00', '09:30:00', 0, FALSE, NULL, FALSE, NULL, 83, NULL, '2024-10-17 10:00:00'),
  (1041, 47, 2, '2024-08-15', 'absent', NULL, NULL, 0, FALSE, NULL, FALSE, NULL, 81, NULL, '2024-08-15 10:00:00'),
  (1042, 47, 2, '2024-08-22', 'absent', NULL, NULL, 0, FALSE, NULL, TRUE, '2024-08-22 10:30:00', 88, 'no contact from family', '2024-08-22 10:00:00'),
  (1043, 47, 2, '2024-08-29', 'absent', NULL, NULL, 0, FALSE, NULL, TRUE, '2024-08-29 10:30:00', 76, 'no contact from family', '2024-08-29 10:00:00'),
  (1044, 47, 2, '2024-09-05', 'present', '08:00:00', '09:30:00', 0, FALSE, NULL, FALSE, NULL, 74, NULL, '2024-09-05 10:00:00'),
  (1045, 47, 2, '2024-09-12', 'present', '08:00:00', '09:30:00', 0, FALSE, NULL, FALSE, NULL, 96, NULL, '2024-09-12 10:00:00'),
  (1046, 47, 2, '2024-09-19', 'excused', NULL, NULL, 0, TRUE, 'school sports event', FALSE, NULL, 84, NULL, '2024-09-19 10:00:00'),
  (1047, 47, 2, '2024-09-26', 'excused', NULL, NULL, 0, TRUE, 'field trip permission', FALSE, NULL, 86, NULL, '2024-09-26 10:00:00'),
  (1048, 47, 2, '2024-10-03', 'present', '08:00:00', '09:30:00', 0, FALSE, NULL, FALSE, NULL, 63, NULL, '2024-10-03 10:00:00'),
  (1049, 47, 2, '2024-10-10', 'excused', NULL, NULL, 0, TRUE, 'religious observance', FALSE, NULL, 62, NULL, '2024-10-10 10:00:00'),
  (1050, 47, 2, '2024-10-17', 'present', '08:00:00', '09:30:00', 0, FALSE, NULL, FALSE, NULL, 80, NULL, '2024-10-17 10:00:00'),
  (1051, 47, 4, '2024-08-15', 'present', '08:00:00', '09:30:00', 0, FALSE, NULL, FALSE, NULL, 75, NULL, '2024-08-15 10:00:00'),
  (1052, 47, 4, '2024-08-22', 'present', '08:00:00', '09:30:00', 0, FALSE, NULL, FALSE, NULL, 81, NULL, '2024-08-22 10:00:00'),
  (1053, 47, 4, '2024-08-29', 'present', '08:00:00', '09:30:00', 0, FALSE, NULL, FALSE, NULL, 78, NULL, '2024-08-29 10:00:00'),
  (1054, 47, 4, '2024-09-05', 'absent', NULL, NULL, 0, FALSE, NULL, FALSE, NULL, 97, NULL, '2024-09-05 10:00:00'),
  (1055, 47, 4, '2024-09-12', 'excused', NULL, NULL, 0, TRUE, 'family emergency', FALSE, NULL, 67, NULL, '2024-09-12 10:00:00'),
  (1056, 47, 4, '2024-09-19', 'present', '08:00:00', '09:30:00', 0, FALSE, NULL, FALSE, NULL, 83, NULL, '2024-09-19 10:00:00'),
  (1057, 47, 4, '2024-09-26', 'present', '08:00:00', '09:30:00', 0, FALSE, NULL, FALSE, NULL, 77, NULL, '2024-09-26 10:00:00'),
  (1058, 47, 4, '2024-10-03', 'present', '08:00:00', '09:30:00', 0, FALSE, NULL, FALSE, NULL, 98, NULL, '2024-10-03 10:00:00'),
  (1059, 47, 4, '2024-10-10', 'present', '08:00:00', '09:30:00', 0, FALSE, NULL, FALSE, NULL, 77, NULL, '2024-10-10 10:00:00'),
  (1060, 47, 4, '2024-10-17', 'late', '08:07:00', '09:30:00', 7, FALSE, NULL, FALSE, NULL, 97, NULL, '2024-10-17 10:00:00'),
  (1061, 48, 2, '2024-08-15', 'present', '08:00:00', '09:30:00', 0, FALSE, NULL, FALSE, NULL, 74, NULL, '2024-08-15 10:00:00'),
  (1062, 48, 2, '2024-08-22', 'late', '08:28:00', '09:30:00', 28, FALSE, NULL, TRUE, '2024-08-22 10:15:00', 81, NULL, '2024-08-22 10:00:00'),
  (1063, 48, 2, '2024-08-29', 'late', '08:10:00', '09:30:00', 10, FALSE, NULL, FALSE, NULL, 92, NULL, '2024-08-29 10:00:00'),
  (1064, 48, 2, '2024-09-05', 'absent', NULL, NULL, 0, FALSE, NULL, FALSE, NULL, 97, NULL, '2024-09-05 10:00:00'),
  (1065, 48, 2, '2024-09-12', 'late', '08:08:00', '09:30:00', 8, FALSE, NULL, FALSE, NULL, 99, NULL, '2024-09-12 10:00:00'),
  (1066, 48, 2, '2024-09-19', 'present', '08:00:00', '09:30:00', 0, FALSE, NULL, FALSE, NULL, 63, NULL, '2024-09-19 10:00:00'),
  (1067, 48, 2, '2024-09-26', 'late', '08:23:00', '09:30:00', 23, FALSE, NULL, TRUE, '2024-09-26 10:15:00', 85, NULL, '2024-09-26 10:00:00'),
  (1068, 48, 2, '2024-10-03', 'present', '08:00:00', '09:30:00', 0, FALSE, NULL, FALSE, NULL, 64, NULL, '2024-10-03 10:00:00'),
  (1069, 48, 2, '2024-10-10', 'excused', NULL, NULL, 0, TRUE, 'school sports event', FALSE, NULL, 83, NULL, '2024-10-10 10:00:00'),
  (1070, 48, 2, '2024-10-17', 'absent', NULL, NULL, 0, FALSE, NULL, TRUE, '2024-10-17 10:30:00', 68, 'no contact from family', '2024-10-17 10:00:00'),
  (1071, 48, 8, '2024-08-15', 'absent', NULL, NULL, 0, FALSE, NULL, TRUE, '2024-08-15 10:30:00', 99, 'no contact from family', '2024-08-15 10:00:00'),
  (1072, 48, 8, '2024-08-22', 'excused', NULL, NULL, 0, TRUE, 'field trip permission', FALSE, NULL, 64, NULL, '2024-08-22 10:00:00'),
  (1073, 48, 8, '2024-08-29', 'present', '08:00:00', '09:30:00', 0, FALSE, NULL, FALSE, NULL, 63, NULL, '2024-08-29 10:00:00'),
  (1074, 48, 8, '2024-09-05', 'present', '08:00:00', '09:30:00', 0, FALSE, NULL, FALSE, NULL, 97, NULL, '2024-09-05 10:00:00'),
  (1075, 48, 8, '2024-09-12', 'present', '08:00:00', '09:30:00', 0, FALSE, NULL, FALSE, NULL, 93, NULL, '2024-09-12 10:00:00'),
  (1076, 48, 8, '2024-09-19', 'present', '08:00:00', '09:30:00', 0, FALSE, NULL, FALSE, NULL, 70, NULL, '2024-09-19 10:00:00'),
  (1077, 48, 8, '2024-09-26', 'present', '08:00:00', '09:30:00', 0, FALSE, NULL, FALSE, NULL, 86, NULL, '2024-09-26 10:00:00'),
  (1078, 48, 8, '2024-10-03', 'excused', NULL, NULL, 0, TRUE, 'religious observance', FALSE, NULL, 97, NULL, '2024-10-03 10:00:00'),
  (1079, 48, 8, '2024-10-10', 'present', '08:00:00', '09:30:00', 0, FALSE, NULL, FALSE, NULL, 75, NULL, '2024-10-10 10:00:00'),
  (1080, 48, 8, '2024-10-17', 'present', '08:00:00', '09:30:00', 0, FALSE, NULL, FALSE, NULL, 86, NULL, '2024-10-17 10:00:00'),
  (1081, 48, 1, '2024-08-15', 'present', '08:00:00', '09:30:00', 0, FALSE, NULL, FALSE, NULL, 82, NULL, '2024-08-15 10:00:00'),
  (1082, 48, 1, '2024-08-22', 'present', '08:00:00', '09:30:00', 0, FALSE, NULL, FALSE, NULL, 97, NULL, '2024-08-22 10:00:00'),
  (1083, 48, 1, '2024-08-29', 'late', '08:22:00', '09:30:00', 22, FALSE, NULL, TRUE, '2024-08-29 10:15:00', 86, NULL, '2024-08-29 10:00:00'),
  (1084, 48, 1, '2024-09-05', 'present', '08:00:00', '09:30:00', 0, FALSE, NULL, FALSE, NULL, 86, NULL, '2024-09-05 10:00:00'),
  (1085, 48, 1, '2024-09-12', 'present', '08:00:00', '09:30:00', 0, FALSE, NULL, FALSE, NULL, 69, NULL, '2024-09-12 10:00:00'),
  (1086, 48, 1, '2024-09-19', 'late', '08:20:00', '09:30:00', 20, FALSE, NULL, FALSE, NULL, 96, NULL, '2024-09-19 10:00:00'),
  (1087, 48, 1, '2024-09-26', 'present', '08:00:00', '09:30:00', 0, FALSE, NULL, FALSE, NULL, 86, NULL, '2024-09-26 10:00:00'),
  (1088, 48, 1, '2024-10-03', 'present', '08:00:00', '09:30:00', 0, FALSE, NULL, FALSE, NULL, 73, NULL, '2024-10-03 10:00:00'),
  (1089, 48, 1, '2024-10-10', 'present', '08:00:00', '09:30:00', 0, FALSE, NULL, FALSE, NULL, 94, NULL, '2024-10-10 10:00:00'),
  (1090, 48, 1, '2024-10-17', 'present', '08:00:00', '09:30:00', 0, FALSE, NULL, FALSE, NULL, 65, NULL, '2024-10-17 10:00:00'),
  (1091, 49, 7, '2024-08-15', 'present', '08:00:00', '09:30:00', 0, FALSE, NULL, FALSE, NULL, 88, NULL, '2024-08-15 10:00:00'),
  (1092, 49, 7, '2024-08-22', 'present', '08:00:00', '09:30:00', 0, FALSE, NULL, FALSE, NULL, 97, NULL, '2024-08-22 10:00:00'),
  (1093, 49, 7, '2024-08-29', 'present', '08:00:00', '09:30:00', 0, FALSE, NULL, FALSE, NULL, 87, NULL, '2024-08-29 10:00:00'),
  (1094, 49, 7, '2024-09-05', 'present', '08:00:00', '09:30:00', 0, FALSE, NULL, FALSE, NULL, 83, NULL, '2024-09-05 10:00:00'),
  (1095, 49, 7, '2024-09-12', 'present', '08:00:00', '09:30:00', 0, FALSE, NULL, FALSE, NULL, 83, NULL, '2024-09-12 10:00:00'),
  (1096, 49, 7, '2024-09-19', 'present', '08:00:00', '09:30:00', 0, FALSE, NULL, FALSE, NULL, 62, NULL, '2024-09-19 10:00:00'),
  (1097, 49, 7, '2024-09-26', 'late', '08:10:00', '09:30:00', 10, FALSE, NULL, FALSE, NULL, 83, NULL, '2024-09-26 10:00:00'),
  (1098, 49, 7, '2024-10-03', 'present', '08:00:00', '09:30:00', 0, FALSE, NULL, FALSE, NULL, 89, NULL, '2024-10-03 10:00:00'),
  (1099, 49, 7, '2024-10-10', 'present', '08:00:00', '09:30:00', 0, FALSE, NULL, FALSE, NULL, 89, NULL, '2024-10-10 10:00:00'),
  (1100, 49, 7, '2024-10-17', 'present', '08:00:00', '09:30:00', 0, FALSE, NULL, FALSE, NULL, 75, NULL, '2024-10-17 10:00:00'),
  (1101, 49, 5, '2024-08-15', 'present', '08:00:00', '09:30:00', 0, FALSE, NULL, FALSE, NULL, 84, NULL, '2024-08-15 10:00:00'),
  (1102, 49, 5, '2024-08-22', 'present', '08:00:00', '09:30:00', 0, FALSE, NULL, FALSE, NULL, 66, NULL, '2024-08-22 10:00:00'),
  (1103, 49, 5, '2024-08-29', 'present', '08:00:00', '09:30:00', 0, FALSE, NULL, FALSE, NULL, 64, NULL, '2024-08-29 10:00:00'),
  (1104, 49, 5, '2024-09-05', 'present', '08:00:00', '09:30:00', 0, FALSE, NULL, FALSE, NULL, 100, NULL, '2024-09-05 10:00:00'),
  (1105, 49, 5, '2024-09-12', 'excused', NULL, NULL, 0, TRUE, 'school sports event', FALSE, NULL, 61, NULL, '2024-09-12 10:00:00'),
  (1106, 49, 5, '2024-09-19', 'present', '08:00:00', '09:30:00', 0, FALSE, NULL, FALSE, NULL, 68, NULL, '2024-09-19 10:00:00'),
  (1107, 49, 5, '2024-09-26', 'present', '08:00:00', '09:30:00', 0, FALSE, NULL, FALSE, NULL, 91, NULL, '2024-09-26 10:00:00'),
  (1108, 49, 5, '2024-10-03', 'present', '08:00:00', '09:30:00', 0, FALSE, NULL, FALSE, NULL, 74, NULL, '2024-10-03 10:00:00'),
  (1109, 49, 5, '2024-10-10', 'late', '08:11:00', '09:30:00', 11, FALSE, NULL, FALSE, NULL, 74, NULL, '2024-10-10 10:00:00'),
  (1110, 49, 5, '2024-10-17', 'present', '08:00:00', '09:30:00', 0, FALSE, NULL, FALSE, NULL, 77, NULL, '2024-10-17 10:00:00'),
  (1111, 49, 1, '2024-08-15', 'present', '08:00:00', '09:30:00', 0, FALSE, NULL, FALSE, NULL, 100, NULL, '2024-08-15 10:00:00'),
  (1112, 49, 1, '2024-08-22', 'late', '08:09:00', '09:30:00', 9, FALSE, NULL, FALSE, NULL, 62, NULL, '2024-08-22 10:00:00'),
  (1113, 49, 1, '2024-08-29', 'present', '08:00:00', '09:30:00', 0, FALSE, NULL, FALSE, NULL, 94, NULL, '2024-08-29 10:00:00'),
  (1114, 49, 1, '2024-09-05', 'present', '08:00:00', '09:30:00', 0, FALSE, NULL, FALSE, NULL, 71, NULL, '2024-09-05 10:00:00'),
  (1115, 49, 1, '2024-09-12', 'present', '08:00:00', '09:30:00', 0, FALSE, NULL, FALSE, NULL, 73, NULL, '2024-09-12 10:00:00'),
  (1116, 49, 1, '2024-09-19', 'late', '08:24:00', '09:30:00', 24, FALSE, NULL, TRUE, '2024-09-19 10:15:00', 78, NULL, '2024-09-19 10:00:00'),
  (1117, 49, 1, '2024-09-26', 'present', '08:00:00', '09:30:00', 0, FALSE, NULL, FALSE, NULL, 61, NULL, '2024-09-26 10:00:00'),
  (1118, 49, 1, '2024-10-03', 'present', '08:00:00', '09:30:00', 0, FALSE, NULL, FALSE, NULL, 78, NULL, '2024-10-03 10:00:00'),
  (1119, 49, 1, '2024-10-10', 'present', '08:00:00', '09:30:00', 0, FALSE, NULL, FALSE, NULL, 84, NULL, '2024-10-10 10:00:00'),
  (1120, 49, 1, '2024-10-17', 'absent', NULL, NULL, 0, FALSE, NULL, TRUE, '2024-10-17 10:30:00', 85, 'no contact from family', '2024-10-17 10:00:00'),
  (1121, 50, 3, '2024-08-15', 'present', '08:00:00', '09:30:00', 0, FALSE, NULL, FALSE, NULL, 85, NULL, '2024-08-15 10:00:00'),
  (1122, 50, 3, '2024-08-22', 'present', '08:00:00', '09:30:00', 0, FALSE, NULL, FALSE, NULL, 67, NULL, '2024-08-22 10:00:00'),
  (1123, 50, 3, '2024-08-29', 'absent', NULL, NULL, 0, FALSE, NULL, TRUE, '2024-08-29 10:30:00', 99, 'no contact from family', '2024-08-29 10:00:00'),
  (1124, 50, 3, '2024-09-05', 'present', '08:00:00', '09:30:00', 0, FALSE, NULL, FALSE, NULL, 72, NULL, '2024-09-05 10:00:00'),
  (1125, 50, 3, '2024-09-12', 'present', '08:00:00', '09:30:00', 0, FALSE, NULL, FALSE, NULL, 90, NULL, '2024-09-12 10:00:00'),
  (1126, 50, 3, '2024-09-19', 'present', '08:00:00', '09:30:00', 0, FALSE, NULL, FALSE, NULL, 62, NULL, '2024-09-19 10:00:00'),
  (1127, 50, 3, '2024-09-26', 'present', '08:00:00', '09:30:00', 0, FALSE, NULL, FALSE, NULL, 94, NULL, '2024-09-26 10:00:00'),
  (1128, 50, 3, '2024-10-03', 'present', '08:00:00', '09:30:00', 0, FALSE, NULL, FALSE, NULL, 92, NULL, '2024-10-03 10:00:00'),
  (1129, 50, 3, '2024-10-10', 'present', '08:00:00', '09:30:00', 0, FALSE, NULL, FALSE, NULL, 71, NULL, '2024-10-10 10:00:00'),
  (1130, 50, 3, '2024-10-17', 'present', '08:00:00', '09:30:00', 0, FALSE, NULL, FALSE, NULL, 83, NULL, '2024-10-17 10:00:00'),
  (1131, 50, 8, '2024-08-15', 'present', '08:00:00', '09:30:00', 0, FALSE, NULL, FALSE, NULL, 80, NULL, '2024-08-15 10:00:00'),
  (1132, 50, 8, '2024-08-22', 'present', '08:00:00', '09:30:00', 0, FALSE, NULL, FALSE, NULL, 93, NULL, '2024-08-22 10:00:00'),
  (1133, 50, 8, '2024-08-29', 'present', '08:00:00', '09:30:00', 0, FALSE, NULL, FALSE, NULL, 64, NULL, '2024-08-29 10:00:00'),
  (1134, 50, 8, '2024-09-05', 'present', '08:00:00', '09:30:00', 0, FALSE, NULL, FALSE, NULL, 85, NULL, '2024-09-05 10:00:00'),
  (1135, 50, 8, '2024-09-12', 'absent', NULL, NULL, 0, FALSE, NULL, FALSE, NULL, 62, NULL, '2024-09-12 10:00:00'),
  (1136, 50, 8, '2024-09-19', 'excused', NULL, NULL, 0, TRUE, 'school sports event', FALSE, NULL, 75, NULL, '2024-09-19 10:00:00'),
  (1137, 50, 8, '2024-09-26', 'present', '08:00:00', '09:30:00', 0, FALSE, NULL, FALSE, NULL, 86, NULL, '2024-09-26 10:00:00'),
  (1138, 50, 8, '2024-10-03', 'present', '08:00:00', '09:30:00', 0, FALSE, NULL, FALSE, NULL, 66, NULL, '2024-10-03 10:00:00'),
  (1139, 50, 8, '2024-10-10', 'late', '08:21:00', '09:30:00', 21, FALSE, NULL, TRUE, '2024-10-10 10:15:00', 100, NULL, '2024-10-10 10:00:00'),
  (1140, 50, 8, '2024-10-17', 'absent', NULL, NULL, 0, FALSE, NULL, FALSE, NULL, 87, NULL, '2024-10-17 10:00:00'),
  (1141, 50, 5, '2024-08-15', 'present', '08:00:00', '09:30:00', 0, FALSE, NULL, FALSE, NULL, 70, NULL, '2024-08-15 10:00:00'),
  (1142, 50, 5, '2024-08-22', 'present', '08:00:00', '09:30:00', 0, FALSE, NULL, FALSE, NULL, 80, NULL, '2024-08-22 10:00:00'),
  (1143, 50, 5, '2024-08-29', 'absent', NULL, NULL, 0, FALSE, NULL, TRUE, '2024-08-29 10:30:00', 95, 'no contact from family', '2024-08-29 10:00:00'),
  (1144, 50, 5, '2024-09-05', 'present', '08:00:00', '09:30:00', 0, FALSE, NULL, FALSE, NULL, 69, NULL, '2024-09-05 10:00:00'),
  (1145, 50, 5, '2024-09-12', 'present', '08:00:00', '09:30:00', 0, FALSE, NULL, FALSE, NULL, 73, NULL, '2024-09-12 10:00:00'),
  (1146, 50, 5, '2024-09-19', 'absent', NULL, NULL, 0, FALSE, NULL, TRUE, '2024-09-19 10:30:00', 94, 'no contact from family', '2024-09-19 10:00:00'),
  (1147, 50, 5, '2024-09-26', 'absent', NULL, NULL, 0, FALSE, NULL, TRUE, '2024-09-26 10:30:00', 70, 'no contact from family', '2024-09-26 10:00:00'),
  (1148, 50, 5, '2024-10-03', 'present', '08:00:00', '09:30:00', 0, FALSE, NULL, FALSE, NULL, 97, NULL, '2024-10-03 10:00:00'),
  (1149, 50, 5, '2024-10-10', 'absent', NULL, NULL, 0, FALSE, NULL, TRUE, '2024-10-10 10:30:00', 96, 'no contact from family', '2024-10-10 10:00:00'),
  (1150, 50, 5, '2024-10-17', 'present', '08:00:00', '09:30:00', 0, FALSE, NULL, FALSE, NULL, 68, NULL, '2024-10-17 10:00:00'),
  (1151, 51, 8, '2024-08-15', 'present', '08:00:00', '09:30:00', 0, FALSE, NULL, FALSE, NULL, 70, NULL, '2024-08-15 10:00:00'),
  (1152, 51, 8, '2024-08-22', 'late', '08:29:00', '09:30:00', 29, FALSE, NULL, TRUE, '2024-08-22 10:15:00', 81, NULL, '2024-08-22 10:00:00'),
  (1153, 51, 8, '2024-08-29', 'absent', NULL, NULL, 0, FALSE, NULL, TRUE, '2024-08-29 10:30:00', 87, 'no contact from family', '2024-08-29 10:00:00'),
  (1154, 51, 8, '2024-09-05', 'present', '08:00:00', '09:30:00', 0, FALSE, NULL, FALSE, NULL, 78, NULL, '2024-09-05 10:00:00'),
  (1155, 51, 8, '2024-09-12', 'present', '08:00:00', '09:30:00', 0, FALSE, NULL, FALSE, NULL, 73, NULL, '2024-09-12 10:00:00'),
  (1156, 51, 8, '2024-09-19', 'present', '08:00:00', '09:30:00', 0, FALSE, NULL, FALSE, NULL, 72, NULL, '2024-09-19 10:00:00'),
  (1157, 51, 8, '2024-09-26', 'present', '08:00:00', '09:30:00', 0, FALSE, NULL, FALSE, NULL, 100, NULL, '2024-09-26 10:00:00'),
  (1158, 51, 8, '2024-10-03', 'present', '08:00:00', '09:30:00', 0, FALSE, NULL, FALSE, NULL, 99, NULL, '2024-10-03 10:00:00'),
  (1159, 51, 8, '2024-10-10', 'present', '08:00:00', '09:30:00', 0, FALSE, NULL, FALSE, NULL, 75, NULL, '2024-10-10 10:00:00'),
  (1160, 51, 8, '2024-10-17', 'present', '08:00:00', '09:30:00', 0, FALSE, NULL, FALSE, NULL, 75, NULL, '2024-10-17 10:00:00'),
  (1161, 51, 6, '2024-08-15', 'present', '08:00:00', '09:30:00', 0, FALSE, NULL, FALSE, NULL, 83, NULL, '2024-08-15 10:00:00'),
  (1162, 51, 6, '2024-08-22', 'present', '08:00:00', '09:30:00', 0, FALSE, NULL, FALSE, NULL, 91, NULL, '2024-08-22 10:00:00'),
  (1163, 51, 6, '2024-08-29', 'present', '08:00:00', '09:30:00', 0, FALSE, NULL, FALSE, NULL, 99, NULL, '2024-08-29 10:00:00'),
  (1164, 51, 6, '2024-09-05', 'present', '08:00:00', '09:30:00', 0, FALSE, NULL, FALSE, NULL, 84, NULL, '2024-09-05 10:00:00'),
  (1165, 51, 6, '2024-09-12', 'present', '08:00:00', '09:30:00', 0, FALSE, NULL, FALSE, NULL, 85, NULL, '2024-09-12 10:00:00'),
  (1166, 51, 6, '2024-09-19', 'present', '08:00:00', '09:30:00', 0, FALSE, NULL, FALSE, NULL, 69, NULL, '2024-09-19 10:00:00'),
  (1167, 51, 6, '2024-09-26', 'present', '08:00:00', '09:30:00', 0, FALSE, NULL, FALSE, NULL, 75, NULL, '2024-09-26 10:00:00'),
  (1168, 51, 6, '2024-10-03', 'present', '08:00:00', '09:30:00', 0, FALSE, NULL, FALSE, NULL, 61, NULL, '2024-10-03 10:00:00'),
  (1169, 51, 6, '2024-10-10', 'excused', NULL, NULL, 0, TRUE, 'field trip permission', FALSE, NULL, 75, NULL, '2024-10-10 10:00:00'),
  (1170, 51, 6, '2024-10-17', 'late', '08:11:00', '09:30:00', 11, FALSE, NULL, FALSE, NULL, 74, NULL, '2024-10-17 10:00:00'),
  (1171, 51, 5, '2024-08-15', 'present', '08:00:00', '09:30:00', 0, FALSE, NULL, FALSE, NULL, 89, NULL, '2024-08-15 10:00:00'),
  (1172, 51, 5, '2024-08-22', 'absent', NULL, NULL, 0, FALSE, NULL, TRUE, '2024-08-22 10:30:00', 81, 'no contact from family', '2024-08-22 10:00:00'),
  (1173, 51, 5, '2024-08-29', 'absent', NULL, NULL, 0, FALSE, NULL, FALSE, NULL, 88, NULL, '2024-08-29 10:00:00'),
  (1174, 51, 5, '2024-09-05', 'present', '08:00:00', '09:30:00', 0, FALSE, NULL, FALSE, NULL, 63, NULL, '2024-09-05 10:00:00'),
  (1175, 51, 5, '2024-09-12', 'present', '08:00:00', '09:30:00', 0, FALSE, NULL, FALSE, NULL, 85, NULL, '2024-09-12 10:00:00'),
  (1176, 51, 5, '2024-09-19', 'late', '08:17:00', '09:30:00', 17, FALSE, NULL, FALSE, NULL, 100, NULL, '2024-09-19 10:00:00'),
  (1177, 51, 5, '2024-09-26', 'excused', NULL, NULL, 0, TRUE, 'religious observance', FALSE, NULL, 99, NULL, '2024-09-26 10:00:00'),
  (1178, 51, 5, '2024-10-03', 'present', '08:00:00', '09:30:00', 0, FALSE, NULL, FALSE, NULL, 63, NULL, '2024-10-03 10:00:00'),
  (1179, 51, 5, '2024-10-10', 'present', '08:00:00', '09:30:00', 0, FALSE, NULL, FALSE, NULL, 89, NULL, '2024-10-10 10:00:00'),
  (1180, 51, 5, '2024-10-17', 'present', '08:00:00', '09:30:00', 0, FALSE, NULL, FALSE, NULL, 63, NULL, '2024-10-17 10:00:00'),
  (1181, 52, 5, '2024-08-15', 'absent', NULL, NULL, 0, FALSE, NULL, TRUE, '2024-08-15 10:30:00', 95, 'no contact from family', '2024-08-15 10:00:00'),
  (1182, 52, 5, '2024-08-22', 'present', '08:00:00', '09:30:00', 0, FALSE, NULL, FALSE, NULL, 63, NULL, '2024-08-22 10:00:00'),
  (1183, 52, 5, '2024-08-29', 'present', '08:00:00', '09:30:00', 0, FALSE, NULL, FALSE, NULL, 94, NULL, '2024-08-29 10:00:00'),
  (1184, 52, 5, '2024-09-05', 'late', '08:35:00', '09:30:00', 35, FALSE, NULL, TRUE, '2024-09-05 10:15:00', 64, NULL, '2024-09-05 10:00:00'),
  (1185, 52, 5, '2024-09-12', 'present', '08:00:00', '09:30:00', 0, FALSE, NULL, FALSE, NULL, 89, NULL, '2024-09-12 10:00:00'),
  (1186, 52, 5, '2024-09-19', 'present', '08:00:00', '09:30:00', 0, FALSE, NULL, FALSE, NULL, 80, NULL, '2024-09-19 10:00:00'),
  (1187, 52, 5, '2024-09-26', 'late', '08:14:00', '09:30:00', 14, FALSE, NULL, FALSE, NULL, 90, NULL, '2024-09-26 10:00:00'),
  (1188, 52, 5, '2024-10-03', 'present', '08:00:00', '09:30:00', 0, FALSE, NULL, FALSE, NULL, 79, NULL, '2024-10-03 10:00:00'),
  (1189, 52, 5, '2024-10-10', 'present', '08:00:00', '09:30:00', 0, FALSE, NULL, FALSE, NULL, 64, NULL, '2024-10-10 10:00:00'),
  (1190, 52, 5, '2024-10-17', 'present', '08:00:00', '09:30:00', 0, FALSE, NULL, FALSE, NULL, 70, NULL, '2024-10-17 10:00:00'),
  (1191, 52, 7, '2024-08-15', 'present', '08:00:00', '09:30:00', 0, FALSE, NULL, FALSE, NULL, 89, NULL, '2024-08-15 10:00:00'),
  (1192, 52, 7, '2024-08-22', 'present', '08:00:00', '09:30:00', 0, FALSE, NULL, FALSE, NULL, 93, NULL, '2024-08-22 10:00:00'),
  (1193, 52, 7, '2024-08-29', 'present', '08:00:00', '09:30:00', 0, FALSE, NULL, FALSE, NULL, 98, NULL, '2024-08-29 10:00:00'),
  (1194, 52, 7, '2024-09-05', 'excused', NULL, NULL, 0, TRUE, 'religious observance', FALSE, NULL, 69, NULL, '2024-09-05 10:00:00'),
  (1195, 52, 7, '2024-09-12', 'present', '08:00:00', '09:30:00', 0, FALSE, NULL, FALSE, NULL, 81, NULL, '2024-09-12 10:00:00'),
  (1196, 52, 7, '2024-09-19', 'present', '08:00:00', '09:30:00', 0, FALSE, NULL, FALSE, NULL, 72, NULL, '2024-09-19 10:00:00'),
  (1197, 52, 7, '2024-09-26', 'present', '08:00:00', '09:30:00', 0, FALSE, NULL, FALSE, NULL, 73, NULL, '2024-09-26 10:00:00'),
  (1198, 52, 7, '2024-10-03', 'absent', NULL, NULL, 0, FALSE, NULL, TRUE, '2024-10-03 10:30:00', 81, 'no contact from family', '2024-10-03 10:00:00'),
  (1199, 52, 7, '2024-10-10', 'present', '08:00:00', '09:30:00', 0, FALSE, NULL, FALSE, NULL, 71, NULL, '2024-10-10 10:00:00'),
  (1200, 52, 7, '2024-10-17', 'late', '08:08:00', '09:30:00', 8, FALSE, NULL, FALSE, NULL, 66, NULL, '2024-10-17 10:00:00'),
  (1201, 52, 6, '2024-08-15', 'present', '08:00:00', '09:30:00', 0, FALSE, NULL, FALSE, NULL, 89, NULL, '2024-08-15 10:00:00'),
  (1202, 52, 6, '2024-08-22', 'present', '08:00:00', '09:30:00', 0, FALSE, NULL, FALSE, NULL, 66, NULL, '2024-08-22 10:00:00'),
  (1203, 52, 6, '2024-08-29', 'present', '08:00:00', '09:30:00', 0, FALSE, NULL, FALSE, NULL, 85, NULL, '2024-08-29 10:00:00'),
  (1204, 52, 6, '2024-09-05', 'late', '08:21:00', '09:30:00', 21, FALSE, NULL, TRUE, '2024-09-05 10:15:00', 100, NULL, '2024-09-05 10:00:00'),
  (1205, 52, 6, '2024-09-12', 'excused', NULL, NULL, 0, TRUE, 'field trip permission', FALSE, NULL, 96, NULL, '2024-09-12 10:00:00'),
  (1206, 52, 6, '2024-09-19', 'present', '08:00:00', '09:30:00', 0, FALSE, NULL, FALSE, NULL, 71, NULL, '2024-09-19 10:00:00'),
  (1207, 52, 6, '2024-09-26', 'absent', NULL, NULL, 0, FALSE, NULL, FALSE, NULL, 70, NULL, '2024-09-26 10:00:00'),
  (1208, 52, 6, '2024-10-03', 'present', '08:00:00', '09:30:00', 0, FALSE, NULL, FALSE, NULL, 70, NULL, '2024-10-03 10:00:00'),
  (1209, 52, 6, '2024-10-10', 'present', '08:00:00', '09:30:00', 0, FALSE, NULL, FALSE, NULL, 64, NULL, '2024-10-10 10:00:00'),
  (1210, 52, 6, '2024-10-17', 'present', '08:00:00', '09:30:00', 0, FALSE, NULL, FALSE, NULL, 80, NULL, '2024-10-17 10:00:00'),
  (1211, 53, 4, '2024-08-15', 'late', '08:35:00', '09:30:00', 35, FALSE, NULL, TRUE, '2024-08-15 10:15:00', 89, NULL, '2024-08-15 10:00:00'),
  (1212, 53, 4, '2024-08-22', 'present', '08:00:00', '09:30:00', 0, FALSE, NULL, FALSE, NULL, 72, NULL, '2024-08-22 10:00:00'),
  (1213, 53, 4, '2024-08-29', 'present', '08:00:00', '09:30:00', 0, FALSE, NULL, FALSE, NULL, 69, NULL, '2024-08-29 10:00:00'),
  (1214, 53, 4, '2024-09-05', 'excused', NULL, NULL, 0, TRUE, 'doctor appointment', FALSE, NULL, 100, NULL, '2024-09-05 10:00:00'),
  (1215, 53, 4, '2024-09-12', 'late', '08:05:00', '09:30:00', 5, FALSE, NULL, FALSE, NULL, 90, NULL, '2024-09-12 10:00:00'),
  (1216, 53, 4, '2024-09-19', 'present', '08:00:00', '09:30:00', 0, FALSE, NULL, FALSE, NULL, 92, NULL, '2024-09-19 10:00:00'),
  (1217, 53, 4, '2024-09-26', 'present', '08:00:00', '09:30:00', 0, FALSE, NULL, FALSE, NULL, 61, NULL, '2024-09-26 10:00:00'),
  (1218, 53, 4, '2024-10-03', 'present', '08:00:00', '09:30:00', 0, FALSE, NULL, FALSE, NULL, 92, NULL, '2024-10-03 10:00:00'),
  (1219, 53, 4, '2024-10-10', 'present', '08:00:00', '09:30:00', 0, FALSE, NULL, FALSE, NULL, 98, NULL, '2024-10-10 10:00:00'),
  (1220, 53, 4, '2024-10-17', 'present', '08:00:00', '09:30:00', 0, FALSE, NULL, FALSE, NULL, 90, NULL, '2024-10-17 10:00:00'),
  (1221, 53, 6, '2024-08-15', 'present', '08:00:00', '09:30:00', 0, FALSE, NULL, FALSE, NULL, 66, NULL, '2024-08-15 10:00:00'),
  (1222, 53, 6, '2024-08-22', 'present', '08:00:00', '09:30:00', 0, FALSE, NULL, FALSE, NULL, 61, NULL, '2024-08-22 10:00:00'),
  (1223, 53, 6, '2024-08-29', 'present', '08:00:00', '09:30:00', 0, FALSE, NULL, FALSE, NULL, 96, NULL, '2024-08-29 10:00:00'),
  (1224, 53, 6, '2024-09-05', 'present', '08:00:00', '09:30:00', 0, FALSE, NULL, FALSE, NULL, 96, NULL, '2024-09-05 10:00:00'),
  (1225, 53, 6, '2024-09-12', 'absent', NULL, NULL, 0, FALSE, NULL, TRUE, '2024-09-12 10:30:00', 72, 'no contact from family', '2024-09-12 10:00:00'),
  (1226, 53, 6, '2024-09-19', 'present', '08:00:00', '09:30:00', 0, FALSE, NULL, FALSE, NULL, 83, NULL, '2024-09-19 10:00:00'),
  (1227, 53, 6, '2024-09-26', 'present', '08:00:00', '09:30:00', 0, FALSE, NULL, FALSE, NULL, 63, NULL, '2024-09-26 10:00:00'),
  (1228, 53, 6, '2024-10-03', 'present', '08:00:00', '09:30:00', 0, FALSE, NULL, FALSE, NULL, 99, NULL, '2024-10-03 10:00:00'),
  (1229, 53, 6, '2024-10-10', 'present', '08:00:00', '09:30:00', 0, FALSE, NULL, FALSE, NULL, 66, NULL, '2024-10-10 10:00:00'),
  (1230, 53, 6, '2024-10-17', 'present', '08:00:00', '09:30:00', 0, FALSE, NULL, FALSE, NULL, 87, NULL, '2024-10-17 10:00:00'),
  (1231, 53, 1, '2024-08-15', 'excused', NULL, NULL, 0, TRUE, 'family emergency', FALSE, NULL, 79, NULL, '2024-08-15 10:00:00'),
  (1232, 53, 1, '2024-08-22', 'present', '08:00:00', '09:30:00', 0, FALSE, NULL, FALSE, NULL, 99, NULL, '2024-08-22 10:00:00'),
  (1233, 53, 1, '2024-08-29', 'present', '08:00:00', '09:30:00', 0, FALSE, NULL, FALSE, NULL, 96, NULL, '2024-08-29 10:00:00'),
  (1234, 53, 1, '2024-09-05', 'present', '08:00:00', '09:30:00', 0, FALSE, NULL, FALSE, NULL, 90, NULL, '2024-09-05 10:00:00'),
  (1235, 53, 1, '2024-09-12', 'late', '08:16:00', '09:30:00', 16, FALSE, NULL, FALSE, NULL, 63, NULL, '2024-09-12 10:00:00'),
  (1236, 53, 1, '2024-09-19', 'present', '08:00:00', '09:30:00', 0, FALSE, NULL, FALSE, NULL, 80, NULL, '2024-09-19 10:00:00'),
  (1237, 53, 1, '2024-09-26', 'present', '08:00:00', '09:30:00', 0, FALSE, NULL, FALSE, NULL, 85, NULL, '2024-09-26 10:00:00'),
  (1238, 53, 1, '2024-10-03', 'absent', NULL, NULL, 0, FALSE, NULL, FALSE, NULL, 96, NULL, '2024-10-03 10:00:00'),
  (1239, 53, 1, '2024-10-10', 'present', '08:00:00', '09:30:00', 0, FALSE, NULL, FALSE, NULL, 91, NULL, '2024-10-10 10:00:00'),
  (1240, 53, 1, '2024-10-17', 'present', '08:00:00', '09:30:00', 0, FALSE, NULL, FALSE, NULL, 78, NULL, '2024-10-17 10:00:00'),
  (1241, 54, 4, '2024-08-15', 'present', '08:00:00', '09:30:00', 0, FALSE, NULL, FALSE, NULL, 87, NULL, '2024-08-15 10:00:00'),
  (1242, 54, 4, '2024-08-22', 'present', '08:00:00', '09:30:00', 0, FALSE, NULL, FALSE, NULL, 74, NULL, '2024-08-22 10:00:00'),
  (1243, 54, 4, '2024-08-29', 'present', '08:00:00', '09:30:00', 0, FALSE, NULL, FALSE, NULL, 67, NULL, '2024-08-29 10:00:00'),
  (1244, 54, 4, '2024-09-05', 'present', '08:00:00', '09:30:00', 0, FALSE, NULL, FALSE, NULL, 94, NULL, '2024-09-05 10:00:00'),
  (1245, 54, 4, '2024-09-12', 'excused', NULL, NULL, 0, TRUE, 'field trip permission', FALSE, NULL, 99, NULL, '2024-09-12 10:00:00'),
  (1246, 54, 4, '2024-09-19', 'excused', NULL, NULL, 0, TRUE, 'school sports event', FALSE, NULL, 88, NULL, '2024-09-19 10:00:00'),
  (1247, 54, 4, '2024-09-26', 'present', '08:00:00', '09:30:00', 0, FALSE, NULL, FALSE, NULL, 81, NULL, '2024-09-26 10:00:00'),
  (1248, 54, 4, '2024-10-03', 'present', '08:00:00', '09:30:00', 0, FALSE, NULL, FALSE, NULL, 97, NULL, '2024-10-03 10:00:00'),
  (1249, 54, 4, '2024-10-10', 'excused', NULL, NULL, 0, TRUE, 'school sports event', FALSE, NULL, 69, NULL, '2024-10-10 10:00:00'),
  (1250, 54, 4, '2024-10-17', 'present', '08:00:00', '09:30:00', 0, FALSE, NULL, FALSE, NULL, 92, NULL, '2024-10-17 10:00:00');

INSERT INTO attendance (id, student_id, course_id, session_date, status, arrival_time, departure_time, late_minutes, excused, excuse_reason, parent_notified, notified_at, marked_by, notes, created_at) VALUES
  (1251, 54, 1, '2024-08-15', 'present', '08:00:00', '09:30:00', 0, FALSE, NULL, FALSE, NULL, 92, NULL, '2024-08-15 10:00:00'),
  (1252, 54, 1, '2024-08-22', 'present', '08:00:00', '09:30:00', 0, FALSE, NULL, FALSE, NULL, 72, NULL, '2024-08-22 10:00:00'),
  (1253, 54, 1, '2024-08-29', 'absent', NULL, NULL, 0, FALSE, NULL, TRUE, '2024-08-29 10:30:00', 79, 'no contact from family', '2024-08-29 10:00:00'),
  (1254, 54, 1, '2024-09-05', 'excused', NULL, NULL, 0, TRUE, 'doctor appointment', FALSE, NULL, 68, NULL, '2024-09-05 10:00:00'),
  (1255, 54, 1, '2024-09-12', 'present', '08:00:00', '09:30:00', 0, FALSE, NULL, FALSE, NULL, 68, NULL, '2024-09-12 10:00:00'),
  (1256, 54, 1, '2024-09-19', 'late', '08:11:00', '09:30:00', 11, FALSE, NULL, FALSE, NULL, 100, NULL, '2024-09-19 10:00:00'),
  (1257, 54, 1, '2024-09-26', 'excused', NULL, NULL, 0, TRUE, 'field trip permission', FALSE, NULL, 63, NULL, '2024-09-26 10:00:00'),
  (1258, 54, 1, '2024-10-03', 'present', '08:00:00', '09:30:00', 0, FALSE, NULL, FALSE, NULL, 96, NULL, '2024-10-03 10:00:00'),
  (1259, 54, 1, '2024-10-10', 'late', '08:11:00', '09:30:00', 11, FALSE, NULL, FALSE, NULL, 61, NULL, '2024-10-10 10:00:00'),
  (1260, 54, 1, '2024-10-17', 'present', '08:00:00', '09:30:00', 0, FALSE, NULL, FALSE, NULL, 79, NULL, '2024-10-17 10:00:00'),
  (1261, 55, 6, '2024-08-15', 'present', '08:00:00', '09:30:00', 0, FALSE, NULL, FALSE, NULL, 65, NULL, '2024-08-15 10:00:00'),
  (1262, 55, 6, '2024-08-22', 'present', '08:00:00', '09:30:00', 0, FALSE, NULL, FALSE, NULL, 93, NULL, '2024-08-22 10:00:00'),
  (1263, 55, 6, '2024-08-29', 'present', '08:00:00', '09:30:00', 0, FALSE, NULL, FALSE, NULL, 61, NULL, '2024-08-29 10:00:00'),
  (1264, 55, 6, '2024-09-05', 'present', '08:00:00', '09:30:00', 0, FALSE, NULL, FALSE, NULL, 82, NULL, '2024-09-05 10:00:00'),
  (1265, 55, 6, '2024-09-12', 'present', '08:00:00', '09:30:00', 0, FALSE, NULL, FALSE, NULL, 97, NULL, '2024-09-12 10:00:00'),
  (1266, 55, 6, '2024-09-19', 'present', '08:00:00', '09:30:00', 0, FALSE, NULL, FALSE, NULL, 62, NULL, '2024-09-19 10:00:00'),
  (1267, 55, 6, '2024-09-26', 'absent', NULL, NULL, 0, FALSE, NULL, TRUE, '2024-09-26 10:30:00', 82, 'no contact from family', '2024-09-26 10:00:00'),
  (1268, 55, 6, '2024-10-03', 'excused', NULL, NULL, 0, TRUE, 'field trip permission', FALSE, NULL, 91, NULL, '2024-10-03 10:00:00'),
  (1269, 55, 6, '2024-10-10', 'late', '08:25:00', '09:30:00', 25, FALSE, NULL, TRUE, '2024-10-10 10:15:00', 69, NULL, '2024-10-10 10:00:00'),
  (1270, 55, 6, '2024-10-17', 'present', '08:00:00', '09:30:00', 0, FALSE, NULL, FALSE, NULL, 90, NULL, '2024-10-17 10:00:00'),
  (1271, 55, 4, '2024-08-15', 'absent', NULL, NULL, 0, FALSE, NULL, FALSE, NULL, 82, NULL, '2024-08-15 10:00:00'),
  (1272, 55, 4, '2024-08-22', 'present', '08:00:00', '09:30:00', 0, FALSE, NULL, FALSE, NULL, 87, NULL, '2024-08-22 10:00:00'),
  (1273, 55, 4, '2024-08-29', 'excused', NULL, NULL, 0, TRUE, 'doctor appointment', FALSE, NULL, 94, NULL, '2024-08-29 10:00:00'),
  (1274, 55, 4, '2024-09-05', 'present', '08:00:00', '09:30:00', 0, FALSE, NULL, FALSE, NULL, 81, NULL, '2024-09-05 10:00:00'),
  (1275, 55, 4, '2024-09-12', 'present', '08:00:00', '09:30:00', 0, FALSE, NULL, FALSE, NULL, 62, NULL, '2024-09-12 10:00:00'),
  (1276, 55, 4, '2024-09-19', 'present', '08:00:00', '09:30:00', 0, FALSE, NULL, FALSE, NULL, 82, NULL, '2024-09-19 10:00:00'),
  (1277, 55, 4, '2024-09-26', 'late', '08:33:00', '09:30:00', 33, FALSE, NULL, TRUE, '2024-09-26 10:15:00', 83, NULL, '2024-09-26 10:00:00'),
  (1278, 55, 4, '2024-10-03', 'present', '08:00:00', '09:30:00', 0, FALSE, NULL, FALSE, NULL, 70, NULL, '2024-10-03 10:00:00'),
  (1279, 55, 4, '2024-10-10', 'present', '08:00:00', '09:30:00', 0, FALSE, NULL, FALSE, NULL, 62, NULL, '2024-10-10 10:00:00'),
  (1280, 55, 4, '2024-10-17', 'present', '08:00:00', '09:30:00', 0, FALSE, NULL, FALSE, NULL, 85, NULL, '2024-10-17 10:00:00'),
  (1281, 56, 8, '2024-08-15', 'present', '08:00:00', '09:30:00', 0, FALSE, NULL, FALSE, NULL, 71, NULL, '2024-08-15 10:00:00'),
  (1282, 56, 8, '2024-08-22', 'present', '08:00:00', '09:30:00', 0, FALSE, NULL, FALSE, NULL, 85, NULL, '2024-08-22 10:00:00'),
  (1283, 56, 8, '2024-08-29', 'present', '08:00:00', '09:30:00', 0, FALSE, NULL, FALSE, NULL, 68, NULL, '2024-08-29 10:00:00'),
  (1284, 56, 8, '2024-09-05', 'absent', NULL, NULL, 0, FALSE, NULL, FALSE, NULL, 81, NULL, '2024-09-05 10:00:00'),
  (1285, 56, 8, '2024-09-12', 'late', '08:13:00', '09:30:00', 13, FALSE, NULL, FALSE, NULL, 87, NULL, '2024-09-12 10:00:00'),
  (1286, 56, 8, '2024-09-19', 'present', '08:00:00', '09:30:00', 0, FALSE, NULL, FALSE, NULL, 76, NULL, '2024-09-19 10:00:00'),
  (1287, 56, 8, '2024-09-26', 'present', '08:00:00', '09:30:00', 0, FALSE, NULL, FALSE, NULL, 80, NULL, '2024-09-26 10:00:00'),
  (1288, 56, 8, '2024-10-03', 'present', '08:00:00', '09:30:00', 0, FALSE, NULL, FALSE, NULL, 80, NULL, '2024-10-03 10:00:00'),
  (1289, 56, 8, '2024-10-10', 'present', '08:00:00', '09:30:00', 0, FALSE, NULL, FALSE, NULL, 84, NULL, '2024-10-10 10:00:00'),
  (1290, 56, 8, '2024-10-17', 'late', '08:29:00', '09:30:00', 29, FALSE, NULL, TRUE, '2024-10-17 10:15:00', 73, NULL, '2024-10-17 10:00:00'),
  (1291, 56, 7, '2024-08-15', 'absent', NULL, NULL, 0, FALSE, NULL, TRUE, '2024-08-15 10:30:00', 62, 'no contact from family', '2024-08-15 10:00:00'),
  (1292, 56, 7, '2024-08-22', 'late', '08:33:00', '09:30:00', 33, FALSE, NULL, TRUE, '2024-08-22 10:15:00', 93, NULL, '2024-08-22 10:00:00'),
  (1293, 56, 7, '2024-08-29', 'present', '08:00:00', '09:30:00', 0, FALSE, NULL, FALSE, NULL, 82, NULL, '2024-08-29 10:00:00'),
  (1294, 56, 7, '2024-09-05', 'excused', NULL, NULL, 0, TRUE, 'religious observance', FALSE, NULL, 80, NULL, '2024-09-05 10:00:00'),
  (1295, 56, 7, '2024-09-12', 'late', '08:09:00', '09:30:00', 9, FALSE, NULL, FALSE, NULL, 67, NULL, '2024-09-12 10:00:00'),
  (1296, 56, 7, '2024-09-19', 'absent', NULL, NULL, 0, FALSE, NULL, FALSE, NULL, 69, NULL, '2024-09-19 10:00:00'),
  (1297, 56, 7, '2024-09-26', 'present', '08:00:00', '09:30:00', 0, FALSE, NULL, FALSE, NULL, 63, NULL, '2024-09-26 10:00:00'),
  (1298, 56, 7, '2024-10-03', 'present', '08:00:00', '09:30:00', 0, FALSE, NULL, FALSE, NULL, 94, NULL, '2024-10-03 10:00:00'),
  (1299, 56, 7, '2024-10-10', 'present', '08:00:00', '09:30:00', 0, FALSE, NULL, FALSE, NULL, 80, NULL, '2024-10-10 10:00:00'),
  (1300, 56, 7, '2024-10-17', 'excused', NULL, NULL, 0, TRUE, 'religious observance', FALSE, NULL, 66, NULL, '2024-10-17 10:00:00'),
  (1301, 56, 6, '2024-08-15', 'present', '08:00:00', '09:30:00', 0, FALSE, NULL, FALSE, NULL, 63, NULL, '2024-08-15 10:00:00'),
  (1302, 56, 6, '2024-08-22', 'present', '08:00:00', '09:30:00', 0, FALSE, NULL, FALSE, NULL, 80, NULL, '2024-08-22 10:00:00'),
  (1303, 56, 6, '2024-08-29', 'present', '08:00:00', '09:30:00', 0, FALSE, NULL, FALSE, NULL, 80, NULL, '2024-08-29 10:00:00'),
  (1304, 56, 6, '2024-09-05', 'present', '08:00:00', '09:30:00', 0, FALSE, NULL, FALSE, NULL, 74, NULL, '2024-09-05 10:00:00'),
  (1305, 56, 6, '2024-09-12', 'present', '08:00:00', '09:30:00', 0, FALSE, NULL, FALSE, NULL, 73, NULL, '2024-09-12 10:00:00'),
  (1306, 56, 6, '2024-09-19', 'present', '08:00:00', '09:30:00', 0, FALSE, NULL, FALSE, NULL, 95, NULL, '2024-09-19 10:00:00'),
  (1307, 56, 6, '2024-09-26', 'present', '08:00:00', '09:30:00', 0, FALSE, NULL, FALSE, NULL, 89, NULL, '2024-09-26 10:00:00'),
  (1308, 56, 6, '2024-10-03', 'present', '08:00:00', '09:30:00', 0, FALSE, NULL, FALSE, NULL, 78, NULL, '2024-10-03 10:00:00'),
  (1309, 56, 6, '2024-10-10', 'present', '08:00:00', '09:30:00', 0, FALSE, NULL, FALSE, NULL, 78, NULL, '2024-10-10 10:00:00'),
  (1310, 56, 6, '2024-10-17', 'present', '08:00:00', '09:30:00', 0, FALSE, NULL, FALSE, NULL, 100, NULL, '2024-10-17 10:00:00'),
  (1311, 57, 7, '2024-08-15', 'present', '08:00:00', '09:30:00', 0, FALSE, NULL, FALSE, NULL, 67, NULL, '2024-08-15 10:00:00'),
  (1312, 57, 7, '2024-08-22', 'present', '08:00:00', '09:30:00', 0, FALSE, NULL, FALSE, NULL, 83, NULL, '2024-08-22 10:00:00'),
  (1313, 57, 7, '2024-08-29', 'present', '08:00:00', '09:30:00', 0, FALSE, NULL, FALSE, NULL, 78, NULL, '2024-08-29 10:00:00'),
  (1314, 57, 7, '2024-09-05', 'present', '08:00:00', '09:30:00', 0, FALSE, NULL, FALSE, NULL, 79, NULL, '2024-09-05 10:00:00'),
  (1315, 57, 7, '2024-09-12', 'present', '08:00:00', '09:30:00', 0, FALSE, NULL, FALSE, NULL, 71, NULL, '2024-09-12 10:00:00'),
  (1316, 57, 7, '2024-09-19', 'present', '08:00:00', '09:30:00', 0, FALSE, NULL, FALSE, NULL, 100, NULL, '2024-09-19 10:00:00'),
  (1317, 57, 7, '2024-09-26', 'absent', NULL, NULL, 0, FALSE, NULL, FALSE, NULL, 64, NULL, '2024-09-26 10:00:00'),
  (1318, 57, 7, '2024-10-03', 'present', '08:00:00', '09:30:00', 0, FALSE, NULL, FALSE, NULL, 91, NULL, '2024-10-03 10:00:00'),
  (1319, 57, 7, '2024-10-10', 'absent', NULL, NULL, 0, FALSE, NULL, TRUE, '2024-10-10 10:30:00', 85, 'no contact from family', '2024-10-10 10:00:00'),
  (1320, 57, 7, '2024-10-17', 'present', '08:00:00', '09:30:00', 0, FALSE, NULL, FALSE, NULL, 88, NULL, '2024-10-17 10:00:00'),
  (1321, 57, 3, '2024-08-15', 'present', '08:00:00', '09:30:00', 0, FALSE, NULL, FALSE, NULL, 99, NULL, '2024-08-15 10:00:00'),
  (1322, 57, 3, '2024-08-22', 'absent', NULL, NULL, 0, FALSE, NULL, FALSE, NULL, 89, NULL, '2024-08-22 10:00:00'),
  (1323, 57, 3, '2024-08-29', 'present', '08:00:00', '09:30:00', 0, FALSE, NULL, FALSE, NULL, 80, NULL, '2024-08-29 10:00:00'),
  (1324, 57, 3, '2024-09-05', 'present', '08:00:00', '09:30:00', 0, FALSE, NULL, FALSE, NULL, 73, NULL, '2024-09-05 10:00:00'),
  (1325, 57, 3, '2024-09-12', 'late', '08:26:00', '09:30:00', 26, FALSE, NULL, TRUE, '2024-09-12 10:15:00', 95, NULL, '2024-09-12 10:00:00'),
  (1326, 57, 3, '2024-09-19', 'present', '08:00:00', '09:30:00', 0, FALSE, NULL, FALSE, NULL, 90, NULL, '2024-09-19 10:00:00'),
  (1327, 57, 3, '2024-09-26', 'present', '08:00:00', '09:30:00', 0, FALSE, NULL, FALSE, NULL, 66, NULL, '2024-09-26 10:00:00'),
  (1328, 57, 3, '2024-10-03', 'late', '08:34:00', '09:30:00', 34, FALSE, NULL, TRUE, '2024-10-03 10:15:00', 90, NULL, '2024-10-03 10:00:00'),
  (1329, 57, 3, '2024-10-10', 'present', '08:00:00', '09:30:00', 0, FALSE, NULL, FALSE, NULL, 80, NULL, '2024-10-10 10:00:00'),
  (1330, 57, 3, '2024-10-17', 'present', '08:00:00', '09:30:00', 0, FALSE, NULL, FALSE, NULL, 90, NULL, '2024-10-17 10:00:00'),
  (1331, 58, 6, '2024-08-15', 'present', '08:00:00', '09:30:00', 0, FALSE, NULL, FALSE, NULL, 75, NULL, '2024-08-15 10:00:00'),
  (1332, 58, 6, '2024-08-22', 'present', '08:00:00', '09:30:00', 0, FALSE, NULL, FALSE, NULL, 100, NULL, '2024-08-22 10:00:00'),
  (1333, 58, 6, '2024-08-29', 'present', '08:00:00', '09:30:00', 0, FALSE, NULL, FALSE, NULL, 84, NULL, '2024-08-29 10:00:00'),
  (1334, 58, 6, '2024-09-05', 'present', '08:00:00', '09:30:00', 0, FALSE, NULL, FALSE, NULL, 82, NULL, '2024-09-05 10:00:00'),
  (1335, 58, 6, '2024-09-12', 'late', '08:33:00', '09:30:00', 33, FALSE, NULL, TRUE, '2024-09-12 10:15:00', 81, NULL, '2024-09-12 10:00:00'),
  (1336, 58, 6, '2024-09-19', 'present', '08:00:00', '09:30:00', 0, FALSE, NULL, FALSE, NULL, 62, NULL, '2024-09-19 10:00:00'),
  (1337, 58, 6, '2024-09-26', 'present', '08:00:00', '09:30:00', 0, FALSE, NULL, FALSE, NULL, 68, NULL, '2024-09-26 10:00:00'),
  (1338, 58, 6, '2024-10-03', 'present', '08:00:00', '09:30:00', 0, FALSE, NULL, FALSE, NULL, 90, NULL, '2024-10-03 10:00:00'),
  (1339, 58, 6, '2024-10-10', 'absent', NULL, NULL, 0, FALSE, NULL, TRUE, '2024-10-10 10:30:00', 83, 'no contact from family', '2024-10-10 10:00:00'),
  (1340, 58, 6, '2024-10-17', 'present', '08:00:00', '09:30:00', 0, FALSE, NULL, FALSE, NULL, 69, NULL, '2024-10-17 10:00:00'),
  (1341, 58, 8, '2024-08-15', 'present', '08:00:00', '09:30:00', 0, FALSE, NULL, FALSE, NULL, 86, NULL, '2024-08-15 10:00:00'),
  (1342, 58, 8, '2024-08-22', 'late', '08:30:00', '09:30:00', 30, FALSE, NULL, TRUE, '2024-08-22 10:15:00', 67, NULL, '2024-08-22 10:00:00'),
  (1343, 58, 8, '2024-08-29', 'present', '08:00:00', '09:30:00', 0, FALSE, NULL, FALSE, NULL, 65, NULL, '2024-08-29 10:00:00'),
  (1344, 58, 8, '2024-09-05', 'late', '08:22:00', '09:30:00', 22, FALSE, NULL, TRUE, '2024-09-05 10:15:00', 90, NULL, '2024-09-05 10:00:00'),
  (1345, 58, 8, '2024-09-12', 'present', '08:00:00', '09:30:00', 0, FALSE, NULL, FALSE, NULL, 87, NULL, '2024-09-12 10:00:00'),
  (1346, 58, 8, '2024-09-19', 'present', '08:00:00', '09:30:00', 0, FALSE, NULL, FALSE, NULL, 76, NULL, '2024-09-19 10:00:00'),
  (1347, 58, 8, '2024-09-26', 'present', '08:00:00', '09:30:00', 0, FALSE, NULL, FALSE, NULL, 91, NULL, '2024-09-26 10:00:00'),
  (1348, 58, 8, '2024-10-03', 'present', '08:00:00', '09:30:00', 0, FALSE, NULL, FALSE, NULL, 82, NULL, '2024-10-03 10:00:00'),
  (1349, 58, 8, '2024-10-10', 'present', '08:00:00', '09:30:00', 0, FALSE, NULL, FALSE, NULL, 98, NULL, '2024-10-10 10:00:00'),
  (1350, 58, 8, '2024-10-17', 'present', '08:00:00', '09:30:00', 0, FALSE, NULL, FALSE, NULL, 88, NULL, '2024-10-17 10:00:00'),
  (1351, 58, 7, '2024-08-15', 'present', '08:00:00', '09:30:00', 0, FALSE, NULL, FALSE, NULL, 82, NULL, '2024-08-15 10:00:00'),
  (1352, 58, 7, '2024-08-22', 'present', '08:00:00', '09:30:00', 0, FALSE, NULL, FALSE, NULL, 76, NULL, '2024-08-22 10:00:00'),
  (1353, 58, 7, '2024-08-29', 'present', '08:00:00', '09:30:00', 0, FALSE, NULL, FALSE, NULL, 65, NULL, '2024-08-29 10:00:00'),
  (1354, 58, 7, '2024-09-05', 'late', '08:27:00', '09:30:00', 27, FALSE, NULL, TRUE, '2024-09-05 10:15:00', 97, NULL, '2024-09-05 10:00:00'),
  (1355, 58, 7, '2024-09-12', 'absent', NULL, NULL, 0, FALSE, NULL, TRUE, '2024-09-12 10:30:00', 99, 'no contact from family', '2024-09-12 10:00:00'),
  (1356, 58, 7, '2024-09-19', 'present', '08:00:00', '09:30:00', 0, FALSE, NULL, FALSE, NULL, 96, NULL, '2024-09-19 10:00:00'),
  (1357, 58, 7, '2024-09-26', 'present', '08:00:00', '09:30:00', 0, FALSE, NULL, FALSE, NULL, 89, NULL, '2024-09-26 10:00:00'),
  (1358, 58, 7, '2024-10-03', 'present', '08:00:00', '09:30:00', 0, FALSE, NULL, FALSE, NULL, 86, NULL, '2024-10-03 10:00:00'),
  (1359, 58, 7, '2024-10-10', 'present', '08:00:00', '09:30:00', 0, FALSE, NULL, FALSE, NULL, 67, NULL, '2024-10-10 10:00:00'),
  (1360, 58, 7, '2024-10-17', 'present', '08:00:00', '09:30:00', 0, FALSE, NULL, FALSE, NULL, 99, NULL, '2024-10-17 10:00:00'),
  (1361, 59, 5, '2024-08-15', 'late', '08:17:00', '09:30:00', 17, FALSE, NULL, FALSE, NULL, 81, NULL, '2024-08-15 10:00:00'),
  (1362, 59, 5, '2024-08-22', 'present', '08:00:00', '09:30:00', 0, FALSE, NULL, FALSE, NULL, 64, NULL, '2024-08-22 10:00:00'),
  (1363, 59, 5, '2024-08-29', 'present', '08:00:00', '09:30:00', 0, FALSE, NULL, FALSE, NULL, 69, NULL, '2024-08-29 10:00:00'),
  (1364, 59, 5, '2024-09-05', 'absent', NULL, NULL, 0, FALSE, NULL, FALSE, NULL, 61, NULL, '2024-09-05 10:00:00'),
  (1365, 59, 5, '2024-09-12', 'late', '08:26:00', '09:30:00', 26, FALSE, NULL, TRUE, '2024-09-12 10:15:00', 70, NULL, '2024-09-12 10:00:00'),
  (1366, 59, 5, '2024-09-19', 'present', '08:00:00', '09:30:00', 0, FALSE, NULL, FALSE, NULL, 79, NULL, '2024-09-19 10:00:00'),
  (1367, 59, 5, '2024-09-26', 'present', '08:00:00', '09:30:00', 0, FALSE, NULL, FALSE, NULL, 97, NULL, '2024-09-26 10:00:00'),
  (1368, 59, 5, '2024-10-03', 'present', '08:00:00', '09:30:00', 0, FALSE, NULL, FALSE, NULL, 74, NULL, '2024-10-03 10:00:00'),
  (1369, 59, 5, '2024-10-10', 'present', '08:00:00', '09:30:00', 0, FALSE, NULL, FALSE, NULL, 81, NULL, '2024-10-10 10:00:00'),
  (1370, 59, 5, '2024-10-17', 'present', '08:00:00', '09:30:00', 0, FALSE, NULL, FALSE, NULL, 80, NULL, '2024-10-17 10:00:00'),
  (1371, 59, 2, '2024-08-15', 'absent', NULL, NULL, 0, FALSE, NULL, FALSE, NULL, 83, NULL, '2024-08-15 10:00:00'),
  (1372, 59, 2, '2024-08-22', 'excused', NULL, NULL, 0, TRUE, 'religious observance', FALSE, NULL, 61, NULL, '2024-08-22 10:00:00'),
  (1373, 59, 2, '2024-08-29', 'present', '08:00:00', '09:30:00', 0, FALSE, NULL, FALSE, NULL, 93, NULL, '2024-08-29 10:00:00'),
  (1374, 59, 2, '2024-09-05', 'present', '08:00:00', '09:30:00', 0, FALSE, NULL, FALSE, NULL, 69, NULL, '2024-09-05 10:00:00'),
  (1375, 59, 2, '2024-09-12', 'absent', NULL, NULL, 0, FALSE, NULL, TRUE, '2024-09-12 10:30:00', 96, 'no contact from family', '2024-09-12 10:00:00'),
  (1376, 59, 2, '2024-09-19', 'excused', NULL, NULL, 0, TRUE, 'doctor appointment', FALSE, NULL, 96, NULL, '2024-09-19 10:00:00'),
  (1377, 59, 2, '2024-09-26', 'absent', NULL, NULL, 0, FALSE, NULL, TRUE, '2024-09-26 10:30:00', 79, 'no contact from family', '2024-09-26 10:00:00'),
  (1378, 59, 2, '2024-10-03', 'absent', NULL, NULL, 0, FALSE, NULL, TRUE, '2024-10-03 10:30:00', 98, 'no contact from family', '2024-10-03 10:00:00'),
  (1379, 59, 2, '2024-10-10', 'present', '08:00:00', '09:30:00', 0, FALSE, NULL, FALSE, NULL, 81, NULL, '2024-10-10 10:00:00'),
  (1380, 59, 2, '2024-10-17', 'late', '08:17:00', '09:30:00', 17, FALSE, NULL, FALSE, NULL, 85, NULL, '2024-10-17 10:00:00'),
  (1381, 60, 8, '2024-08-15', 'present', '08:00:00', '09:30:00', 0, FALSE, NULL, FALSE, NULL, 74, NULL, '2024-08-15 10:00:00'),
  (1382, 60, 8, '2024-08-22', 'present', '08:00:00', '09:30:00', 0, FALSE, NULL, FALSE, NULL, 91, NULL, '2024-08-22 10:00:00'),
  (1383, 60, 8, '2024-08-29', 'present', '08:00:00', '09:30:00', 0, FALSE, NULL, FALSE, NULL, 96, NULL, '2024-08-29 10:00:00'),
  (1384, 60, 8, '2024-09-05', 'present', '08:00:00', '09:30:00', 0, FALSE, NULL, FALSE, NULL, 84, NULL, '2024-09-05 10:00:00'),
  (1385, 60, 8, '2024-09-12', 'absent', NULL, NULL, 0, FALSE, NULL, TRUE, '2024-09-12 10:30:00', 69, 'no contact from family', '2024-09-12 10:00:00'),
  (1386, 60, 8, '2024-09-19', 'present', '08:00:00', '09:30:00', 0, FALSE, NULL, FALSE, NULL, 65, NULL, '2024-09-19 10:00:00'),
  (1387, 60, 8, '2024-09-26', 'present', '08:00:00', '09:30:00', 0, FALSE, NULL, FALSE, NULL, 70, NULL, '2024-09-26 10:00:00'),
  (1388, 60, 8, '2024-10-03', 'late', '08:20:00', '09:30:00', 20, FALSE, NULL, FALSE, NULL, 88, NULL, '2024-10-03 10:00:00'),
  (1389, 60, 8, '2024-10-10', 'excused', NULL, NULL, 0, TRUE, 'family emergency', FALSE, NULL, 66, NULL, '2024-10-10 10:00:00'),
  (1390, 60, 8, '2024-10-17', 'present', '08:00:00', '09:30:00', 0, FALSE, NULL, FALSE, NULL, 87, NULL, '2024-10-17 10:00:00'),
  (1391, 60, 3, '2024-08-15', 'absent', NULL, NULL, 0, FALSE, NULL, FALSE, NULL, 99, NULL, '2024-08-15 10:00:00'),
  (1392, 60, 3, '2024-08-22', 'excused', NULL, NULL, 0, TRUE, 'religious observance', FALSE, NULL, 72, NULL, '2024-08-22 10:00:00'),
  (1393, 60, 3, '2024-08-29', 'present', '08:00:00', '09:30:00', 0, FALSE, NULL, FALSE, NULL, 88, NULL, '2024-08-29 10:00:00'),
  (1394, 60, 3, '2024-09-05', 'present', '08:00:00', '09:30:00', 0, FALSE, NULL, FALSE, NULL, 89, NULL, '2024-09-05 10:00:00'),
  (1395, 60, 3, '2024-09-12', 'present', '08:00:00', '09:30:00', 0, FALSE, NULL, FALSE, NULL, 75, NULL, '2024-09-12 10:00:00'),
  (1396, 60, 3, '2024-09-19', 'present', '08:00:00', '09:30:00', 0, FALSE, NULL, FALSE, NULL, 99, NULL, '2024-09-19 10:00:00'),
  (1397, 60, 3, '2024-09-26', 'present', '08:00:00', '09:30:00', 0, FALSE, NULL, FALSE, NULL, 92, NULL, '2024-09-26 10:00:00'),
  (1398, 60, 3, '2024-10-03', 'absent', NULL, NULL, 0, FALSE, NULL, TRUE, '2024-10-03 10:30:00', 93, 'no contact from family', '2024-10-03 10:00:00'),
  (1399, 60, 3, '2024-10-10', 'present', '08:00:00', '09:30:00', 0, FALSE, NULL, FALSE, NULL, 95, NULL, '2024-10-10 10:00:00'),
  (1400, 60, 3, '2024-10-17', 'present', '08:00:00', '09:30:00', 0, FALSE, NULL, FALSE, NULL, 63, NULL, '2024-10-17 10:00:00');
